codi_activitat,codi_hotel,nom,descripcio,tipus,durada_minuts,preu,capacitat_maxima,edat_minima,disponible,data_creacio,data_modificacio
1,104,"Escape room","Amb premi per als guanyadors.",relax,80,NULL,20,8,1,"2025-06-24 13:02:18","2025-06-24 13:02:18"
2,1,"Taller de fotografia",NULL,gastronomia,84,83.46,26,NULL,1,"2025-06-24 13:02:23","2025-06-24 13:02:23"
3,1,"Taller de dansa","Ideal per a famílies i grups d'amics.",cultura,NULL,NULL,81,9,0,"2025-06-24 13:02:23","2025-06-24 13:02:23"
4,1,"Taller de ceràmica",NULL,gastronomia,122,NULL,NULL,15,0,"2025-06-24 13:02:23","2025-06-24 13:02:23"
5,1,"Visita a cellers","Per a principiants i experts.",gastronomia,199,NULL,84,16,1,"2025-06-24 13:02:23","2025-06-24 13:02:23"
6,1,"Excursió a la muntanya","Amb premi per als guanyadors.",relax,184,NULL,78,NULL,1,"2025-06-24 13:02:23","2025-06-24 13:02:23"
7,1,"Passeig a cavall",NULL,gastronomia,NULL,35.11,87,9,1,"2025-06-24 13:02:23","2025-06-24 13:02:23"
8,1,"Taller de pintura","Ideal per a famílies i grups d'amics.",gastronomia,207,NULL,NULL,NULL,0,"2025-06-24 13:02:23","2025-06-24 13:02:23"
9,1,"Observació d'estrelles","Ideal per a famílies i grups d'amics.",relax,32,NULL,81,7,0,"2025-06-24 13:02:23","2025-06-24 13:02:23"
10,1,"Gimcana cultural",NULL,gastronomia,153,NULL,NULL,NULL,0,"2025-06-24 13:02:23","2025-06-24 13:02:23"
11,1,"Torneig de pàdel",NULL,cultura,NULL,168.23,NULL,NULL,1,"2025-06-24 13:02:23","2025-06-24 13:02:23"
12,2,"Excursió a la muntanya","Amb premi per als guanyadors.",relax,NULL,190.88,64,NULL,1,"2025-06-24 13:02:23","2025-06-24 13:02:23"
13,2,"Sortida en bicicleta","Per a principiants i experts.",cultura,118,NULL,NULL,NULL,0,"2025-06-24 13:02:23","2025-06-24 13:02:23"
14,2,"Taller de dansa",NULL,cultura,NULL,NULL,NULL,6,0,"2025-06-24 13:02:23","2025-06-24 13:02:23"
15,2,"Ruta de senderisme",NULL,relax,NULL,NULL,54,4,0,"2025-06-24 13:02:23","2025-06-24 13:02:23"
16,2,"Observació d'estrelles","Ideal per a famílies i grups d'amics.",gastronomia,40,NULL,NULL,3,1,"2025-06-24 13:02:23","2025-06-24 13:02:23"
17,2,"Taller de cuina catalana","Places limitades, reserva prèvia necessària.",gastronomia,287,NULL,NULL,1,0,"2025-06-24 13:02:23","2025-06-24 13:02:23"
18,2,"Torneig de pàdel",NULL,gastronomia,NULL,NULL,73,NULL,0,"2025-06-24 13:02:23","2025-06-24 13:02:23"
19,2,"Jocs de taula",NULL,cultura,NULL,116.39,NULL,15,1,"2025-06-24 13:02:23","2025-06-24 13:02:23"
20,2,"Visita a cellers",NULL,gastronomia,NULL,36.09,18,6,1,"2025-06-24 13:02:23","2025-06-24 13:02:23"
21,2,"Taller de pintura",NULL,aventura,NULL,31.98,NULL,9,0,"2025-06-24 13:02:23","2025-06-24 13:02:23"
22,2,"Visita guiada al museu","Per a principiants i experts.",gastronomia,NULL,NULL,NULL,14,1,"2025-06-24 13:02:23","2025-06-24 13:02:23"
23,2,"Ioga a la platja",NULL,aventura,NULL,NULL,NULL,8,1,"2025-06-24 13:02:23","2025-06-24 13:02:23"
24,2,"Taller de ceràmica","Activitat relaxant i saludable.",relax,NULL,1.29,NULL,5,0,"2025-06-24 13:02:23","2025-06-24 13:02:23"
25,2,"Cata de vins",NULL,cultura,NULL,NULL,NULL,NULL,0,"2025-06-24 13:02:23","2025-06-24 13:02:23"
26,2,"Gimcana cultural","Descobreix la cultura i la història de la zona.",relax,NULL,95.65,87,NULL,1,"2025-06-24 13:02:23","2025-06-24 13:02:23"
27,2,"Taller de fotografia","Per a principiants i experts.",relax,74,23.30,50,7,0,"2025-06-24 13:02:23","2025-06-24 13:02:23"
28,3,"Cinema a la fresca",NULL,aventura,179,175.56,NULL,NULL,1,"2025-06-24 13:02:23","2025-06-24 13:02:23"
29,3,"Sortida en bicicleta","Places limitades, reserva prèvia necessària.",aventura,134,NULL,NULL,NULL,0,"2025-06-24 13:02:23","2025-06-24 13:02:23"
30,3,"Taller de cuina catalana",NULL,aventura,NULL,46.97,NULL,NULL,0,"2025-06-24 13:02:23","2025-06-24 13:02:23"
31,3,"Jocs de taula","Inclou degustació de productes locals.",esport,NULL,NULL,NULL,NULL,1,"2025-06-24 13:02:23","2025-06-24 13:02:23"
32,3,"Ruta de senderisme","Ideal per a famílies i grups d'amics.",gastronomia,NULL,154.25,NULL,NULL,1,"2025-06-24 13:02:23","2025-06-24 13:02:23"
33,3,"Ioga a la platja",NULL,relax,NULL,NULL,74,5,1,"2025-06-24 13:02:23","2025-06-24 13:02:23"
34,3,"Observació d'estrelles",NULL,gastronomia,NULL,197.84,31,5,0,"2025-06-24 13:02:23","2025-06-24 13:02:23"
35,3,"Escape room","Places limitades, reserva prèvia necessària.",esport,NULL,NULL,55,NULL,0,"2025-06-24 13:02:23","2025-06-24 13:02:23"
36,3,"Taller de pintura",NULL,esport,NULL,49.84,28,10,1,"2025-06-24 13:02:23","2025-06-24 13:02:23"
37,3,"Taller de ceràmica",NULL,esport,58,NULL,NULL,15,0,"2025-06-24 13:02:23","2025-06-24 13:02:23"
38,3,"Excursió a la muntanya",NULL,aventura,NULL,NULL,NULL,2,1,"2025-06-24 13:02:23","2025-06-24 13:02:23"
39,4,"Taller de fotografia","Descobreix la cultura i la història de la zona.",aventura,NULL,88.49,29,NULL,1,"2025-06-24 13:02:23","2025-06-24 13:02:23"
40,4,"Taller de ceràmica",NULL,esport,109,NULL,71,15,1,"2025-06-24 13:02:23","2025-06-24 13:02:23"
41,4,"Sortida en bicicleta",NULL,gastronomia,NULL,NULL,52,NULL,1,"2025-06-24 13:02:23","2025-06-24 13:02:23"
42,4,"Taller de cuina catalana","Amb monitors especialitzats i material inclòs.",gastronomia,NULL,NULL,NULL,10,0,"2025-06-24 13:02:23","2025-06-24 13:02:23"
43,4,"Escape room","Amb monitors especialitzats i material inclòs.",gastronomia,NULL,21.71,64,2,1,"2025-06-24 13:02:23","2025-06-24 13:02:23"
44,4,"Jocs de taula",NULL,relax,121,73.89,51,NULL,0,"2025-06-24 13:02:23","2025-06-24 13:02:23"
45,4,"Taller de pintura","Amb premi per als guanyadors.",relax,NULL,NULL,NULL,NULL,0,"2025-06-24 13:02:23","2025-06-24 13:02:23"
46,4,"Gimcana cultural","Descobreix la cultura i la història de la zona.",cultura,44,104.35,NULL,11,1,"2025-06-24 13:02:23","2025-06-24 13:02:23"
47,4,"Passeig a cavall",NULL,aventura,NULL,NULL,NULL,NULL,0,"2025-06-24 13:02:23","2025-06-24 13:02:23"
48,4,"Visita a cellers",NULL,esport,287,48.33,NULL,NULL,1,"2025-06-24 13:02:23","2025-06-24 13:02:23"
49,4,"Ruta de senderisme",NULL,gastronomia,NULL,25.25,NULL,13,0,"2025-06-24 13:02:24","2025-06-24 13:02:24"
50,5,"Sortida en caiac",NULL,cultura,254,129.27,NULL,13,1,"2025-06-24 13:02:24","2025-06-24 13:02:24"
51,5,"Cata de vins","Inclou degustació de productes locals.",aventura,NULL,90.61,NULL,5,1,"2025-06-24 13:02:24","2025-06-24 13:02:24"
52,5,"Visita guiada al museu",NULL,cultura,204,14.43,88,2,0,"2025-06-24 13:02:24","2025-06-24 13:02:24"
53,5,"Taller de dansa","Activitat a l'aire lliure per a totes les edats.",gastronomia,169,NULL,54,NULL,0,"2025-06-24 13:02:24","2025-06-24 13:02:24"
54,5,"Excursió a la muntanya","Activitat a l'aire lliure per a totes les edats.",relax,NULL,NULL,55,NULL,0,"2025-06-24 13:02:24","2025-06-24 13:02:24"
55,5,"Visita a cellers","Descobreix la cultura i la història de la zona.",gastronomia,225,NULL,55,NULL,0,"2025-06-24 13:02:24","2025-06-24 13:02:24"
56,5,"Sortida en bicicleta","Inclou degustació de productes locals.",relax,NULL,NULL,89,2,0,"2025-06-24 13:02:24","2025-06-24 13:02:24"
57,5,"Ioga a la platja",NULL,esport,NULL,NULL,NULL,NULL,0,"2025-06-24 13:02:24","2025-06-24 13:02:24"
58,5,"Cinema a la fresca","Places limitades, reserva prèvia necessària.",cultura,39,NULL,15,NULL,0,"2025-06-24 13:02:24","2025-06-24 13:02:24"
59,5,"Passeig a cavall","Amb monitors especialitzats i material inclòs.",aventura,NULL,NULL,62,13,0,"2025-06-24 13:02:24","2025-06-24 13:02:24"
60,5,"Taller de cuina catalana","Places limitades, reserva prèvia necessària.",gastronomia,NULL,18.56,17,NULL,1,"2025-06-24 13:02:24","2025-06-24 13:02:24"
61,5,"Observació d'estrelles","Places limitades, reserva prèvia necessària.",relax,51,NULL,38,12,1,"2025-06-24 13:02:24","2025-06-24 13:02:24"
62,5,"Escape room",NULL,esport,78,179.66,NULL,1,1,"2025-06-24 13:02:24","2025-06-24 13:02:24"
63,5,"Torneig de pàdel",NULL,gastronomia,140,171.30,24,10,1,"2025-06-24 13:02:24","2025-06-24 13:02:24"
64,5,"Taller de pintura",NULL,relax,40,104.18,85,NULL,0,"2025-06-24 13:02:24","2025-06-24 13:02:24"
65,5,"Jocs de taula","Inclou degustació de productes locals.",relax,NULL,NULL,60,NULL,1,"2025-06-24 13:02:24","2025-06-24 13:02:24"
66,5,"Ruta de senderisme",NULL,relax,257,170.59,73,NULL,0,"2025-06-24 13:02:24","2025-06-24 13:02:24"
67,6,"Cata de vins","Inclou degustació de productes locals.",aventura,NULL,NULL,NULL,13,1,"2025-06-24 13:02:24","2025-06-24 13:02:24"
68,6,"Sortida en bicicleta",NULL,aventura,NULL,NULL,NULL,4,1,"2025-06-24 13:02:24","2025-06-24 13:02:24"
69,6,"Visita guiada al museu",NULL,esport,75,NULL,37,15,0,"2025-06-24 13:02:24","2025-06-24 13:02:24"
70,6,"Cinema a la fresca",NULL,relax,NULL,NULL,NULL,NULL,1,"2025-06-24 13:02:24","2025-06-24 13:02:24"
71,6,"Visita a cellers",NULL,esport,NULL,130.57,NULL,NULL,1,"2025-06-24 13:02:24","2025-06-24 13:02:24"
72,6,"Excursió a la muntanya","Amb premi per als guanyadors.",aventura,203,NULL,64,NULL,1,"2025-06-24 13:02:24","2025-06-24 13:02:24"
73,6,"Passeig a cavall","Places limitades, reserva prèvia necessària.",relax,169,17.11,NULL,4,0,"2025-06-24 13:02:24","2025-06-24 13:02:24"
74,6,"Taller de fotografia",NULL,cultura,NULL,66.20,NULL,3,1,"2025-06-24 13:02:24","2025-06-24 13:02:24"
75,6,"Jocs de taula","Per a principiants i experts.",gastronomia,162,36.86,80,9,0,"2025-06-24 13:02:24","2025-06-24 13:02:24"
76,6,"Taller de cuina catalana","Places limitades, reserva prèvia necessària.",esport,NULL,NULL,NULL,11,1,"2025-06-24 13:02:24","2025-06-24 13:02:24"
77,6,"Observació d'estrelles",NULL,gastronomia,291,NULL,38,12,0,"2025-06-24 13:02:24","2025-06-24 13:02:24"
78,6,"Escape room",NULL,aventura,NULL,NULL,NULL,NULL,0,"2025-06-24 13:02:24","2025-06-24 13:02:24"
79,6,"Taller de ceràmica",NULL,esport,269,59.05,NULL,NULL,0,"2025-06-24 13:02:24","2025-06-24 13:02:24"
80,6,"Torneig de pàdel","Inclou degustació de productes locals.",cultura,285,NULL,NULL,13,0,"2025-06-24 13:02:24","2025-06-24 13:02:24"
81,6,"Taller de dansa","Inclou degustació de productes locals.",relax,102,NULL,11,7,0,"2025-06-24 13:02:24","2025-06-24 13:02:24"
82,6,"Ioga a la platja",NULL,esport,90,87.25,40,NULL,1,"2025-06-24 13:02:24","2025-06-24 13:02:24"
83,6,"Taller de pintura",NULL,gastronomia,103,191.93,NULL,NULL,0,"2025-06-24 13:02:24","2025-06-24 13:02:24"
84,6,"Sortida en caiac",NULL,gastronomia,NULL,25.88,44,NULL,0,"2025-06-24 13:02:24","2025-06-24 13:02:24"
85,6,"Gimcana cultural",NULL,esport,NULL,60.37,31,13,1,"2025-06-24 13:02:24","2025-06-24 13:02:24"
86,7,"Taller de pintura","Ideal per a famílies i grups d'amics.",gastronomia,NULL,NULL,NULL,9,1,"2025-06-24 13:02:24","2025-06-24 13:02:24"
87,7,"Escape room","Per a principiants i experts.",cultura,NULL,NULL,NULL,NULL,0,"2025-06-24 13:02:24","2025-06-24 13:02:24"
88,7,"Gimcana cultural","Ideal per a famílies i grups d'amics.",relax,NULL,NULL,NULL,5,0,"2025-06-24 13:02:24","2025-06-24 13:02:24"
89,7,"Jocs de taula",NULL,esport,NULL,NULL,NULL,NULL,1,"2025-06-24 13:02:24","2025-06-24 13:02:24"
90,7,"Taller de dansa","Descobreix la cultura i la història de la zona.",gastronomia,169,NULL,NULL,NULL,1,"2025-06-24 13:02:24","2025-06-24 13:02:24"
91,7,"Taller de ceràmica","Per a principiants i experts.",gastronomia,222,87.96,6,NULL,1,"2025-06-24 13:02:24","2025-06-24 13:02:24"
92,8,"Escape room","Amb premi per als guanyadors.",esport,75,NULL,NULL,7,0,"2025-06-24 13:02:24","2025-06-24 13:02:24"
93,8,"Passeig a cavall","Activitat relaxant i saludable.",cultura,117,100.67,NULL,14,0,"2025-06-24 13:02:24","2025-06-24 13:02:24"
94,8,"Sortida en bicicleta","Per a principiants i experts.",gastronomia,NULL,196.26,6,14,0,"2025-06-24 13:02:24","2025-06-24 13:02:24"
95,8,"Jocs de taula","Ideal per a famílies i grups d'amics.",gastronomia,NULL,NULL,84,2,0,"2025-06-24 13:02:24","2025-06-24 13:02:24"
96,8,"Taller de cuina catalana","Descobreix la cultura i la història de la zona.",cultura,NULL,NULL,NULL,NULL,1,"2025-06-24 13:02:24","2025-06-24 13:02:24"
97,8,"Torneig de pàdel","Descobreix la cultura i la història de la zona.",esport,NULL,120.92,NULL,7,0,"2025-06-24 13:02:24","2025-06-24 13:02:24"
98,8,"Gimcana cultural",NULL,cultura,NULL,174.87,38,15,1,"2025-06-24 13:02:24","2025-06-24 13:02:24"
99,8,"Ioga a la platja","Activitat relaxant i saludable.",gastronomia,227,91.46,58,NULL,0,"2025-06-24 13:02:24","2025-06-24 13:02:24"
100,8,"Ruta de senderisme",NULL,relax,55,138.62,NULL,16,1,"2025-06-24 13:02:24","2025-06-24 13:02:24"
101,9,"Sortida en caiac",NULL,gastronomia,125,NULL,NULL,11,0,"2025-06-24 13:02:24","2025-06-24 13:02:24"
102,9,"Taller de dansa","Ideal per a famílies i grups d'amics.",relax,NULL,124.21,44,NULL,1,"2025-06-24 13:02:24","2025-06-24 13:02:24"
103,9,"Ruta de senderisme",NULL,cultura,NULL,NULL,31,15,0,"2025-06-24 13:02:24","2025-06-24 13:02:24"
104,9,"Observació d'estrelles","Places limitades, reserva prèvia necessària.",gastronomia,82,NULL,79,NULL,1,"2025-06-24 13:02:24","2025-06-24 13:02:24"
105,9,"Taller de pintura",NULL,gastronomia,203,126.46,90,NULL,1,"2025-06-24 13:02:24","2025-06-24 13:02:24"
106,9,"Gimcana cultural",NULL,gastronomia,224,75.93,NULL,10,1,"2025-06-24 13:02:24","2025-06-24 13:02:24"
107,9,"Taller de ceràmica",NULL,relax,NULL,15.01,62,NULL,1,"2025-06-24 13:02:24","2025-06-24 13:02:24"
108,9,"Jocs de taula","Places limitades, reserva prèvia necessària.",gastronomia,NULL,112.87,NULL,NULL,1,"2025-06-24 13:02:24","2025-06-24 13:02:24"
109,9,"Taller de fotografia","Activitat relaxant i saludable.",relax,211,NULL,34,11,1,"2025-06-24 13:02:24","2025-06-24 13:02:24"
110,9,"Torneig de pàdel",NULL,esport,NULL,11.43,22,16,1,"2025-06-24 13:02:24","2025-06-24 13:02:24"
111,9,"Cata de vins","Inclou degustació de productes locals.",esport,254,1.47,75,NULL,1,"2025-06-24 13:02:24","2025-06-24 13:02:24"
112,9,"Visita guiada al museu",NULL,relax,NULL,16.69,18,3,0,"2025-06-24 13:02:24","2025-06-24 13:02:24"
113,9,"Excursió a la muntanya","Inclou degustació de productes locals.",cultura,NULL,NULL,NULL,5,0,"2025-06-24 13:02:24","2025-06-24 13:02:24"
114,9,"Visita a cellers",NULL,gastronomia,NULL,30.76,56,1,1,"2025-06-24 13:02:24","2025-06-24 13:02:24"
115,9,"Escape room","Amb premi per als guanyadors.",relax,215,76.05,8,NULL,1,"2025-06-24 13:02:24","2025-06-24 13:02:24"
116,9,"Passeig a cavall","Amb monitors especialitzats i material inclòs.",cultura,221,NULL,NULL,17,1,"2025-06-24 13:02:24","2025-06-24 13:02:24"
117,9,"Ioga a la platja",NULL,relax,137,166.37,NULL,NULL,1,"2025-06-24 13:02:24","2025-06-24 13:02:24"
118,10,"Taller de fotografia","Places limitades, reserva prèvia necessària.",relax,146,NULL,NULL,NULL,1,"2025-06-24 13:02:24","2025-06-24 13:02:24"
119,10,"Taller de cuina catalana","Activitat a l'aire lliure per a totes les edats.",esport,NULL,NULL,82,NULL,1,"2025-06-24 13:02:24","2025-06-24 13:02:24"
120,10,"Visita guiada al museu","Per a principiants i experts.",esport,NULL,NULL,63,NULL,1,"2025-06-24 13:02:24","2025-06-24 13:02:24"
121,10,"Ioga a la platja",NULL,aventura,NULL,183.67,NULL,9,0,"2025-06-24 13:02:24","2025-06-24 13:02:24"
122,10,"Visita a cellers","Activitat relaxant i saludable.",relax,131,83.67,48,9,1,"2025-06-24 13:02:24","2025-06-24 13:02:24"
123,10,"Taller de pintura","Activitat relaxant i saludable.",cultura,163,147.87,74,NULL,1,"2025-06-24 13:02:24","2025-06-24 13:02:24"
124,10,"Cinema a la fresca","Places limitades, reserva prèvia necessària.",relax,NULL,NULL,10,NULL,1,"2025-06-24 13:02:24","2025-06-24 13:02:24"
125,10,"Gimcana cultural","Amb monitors especialitzats i material inclòs.",cultura,223,121.24,50,NULL,1,"2025-06-24 13:02:24","2025-06-24 13:02:24"
126,10,"Taller de ceràmica",NULL,esport,41,86.82,87,9,0,"2025-06-24 13:02:24","2025-06-24 13:02:24"
127,10,"Sortida en caiac",NULL,esport,54,49.50,NULL,8,1,"2025-06-24 13:02:24","2025-06-24 13:02:24"
128,11,"Taller de pintura","Activitat per gaudir de la natura i l'entorn.",gastronomia,NULL,NULL,36,15,0,"2025-06-24 13:02:24","2025-06-24 13:02:24"
129,11,"Cinema a la fresca","Per a principiants i experts.",esport,NULL,19.51,83,13,1,"2025-06-24 13:02:24","2025-06-24 13:02:24"
130,11,"Taller de fotografia","Places limitades, reserva prèvia necessària.",gastronomia,NULL,NULL,26,14,0,"2025-06-24 13:02:24","2025-06-24 13:02:24"
131,11,"Excursió a la muntanya",NULL,cultura,184,186.16,NULL,11,0,"2025-06-24 13:02:24","2025-06-24 13:02:24"
132,11,"Torneig de pàdel",NULL,esport,76,41.95,NULL,13,0,"2025-06-24 13:02:24","2025-06-24 13:02:24"
133,11,"Sortida en caiac",NULL,aventura,NULL,NULL,NULL,NULL,1,"2025-06-24 13:02:24","2025-06-24 13:02:24"
134,11,"Passeig a cavall","Activitat relaxant i saludable.",esport,NULL,159.08,77,NULL,0,"2025-06-24 13:02:24","2025-06-24 13:02:24"
135,11,"Jocs de taula",NULL,aventura,NULL,160.10,74,NULL,0,"2025-06-24 13:02:24","2025-06-24 13:02:24"
136,11,"Ruta de senderisme",NULL,cultura,NULL,1.85,NULL,7,0,"2025-06-24 13:02:24","2025-06-24 13:02:24"
137,11,"Ioga a la platja","Activitat relaxant i saludable.",aventura,NULL,NULL,NULL,NULL,0,"2025-06-24 13:02:24","2025-06-24 13:02:24"
138,12,"Ioga a la platja","Descobreix la cultura i la història de la zona.",cultura,NULL,NULL,NULL,12,0,"2025-06-24 13:02:24","2025-06-24 13:02:24"
139,12,"Taller de pintura",NULL,cultura,NULL,95.61,NULL,16,0,"2025-06-24 13:02:24","2025-06-24 13:02:24"
140,12,"Sortida en bicicleta","Per a principiants i experts.",aventura,178,194.65,24,3,0,"2025-06-24 13:02:24","2025-06-24 13:02:24"
141,12,"Ruta de senderisme",NULL,gastronomia,82,NULL,NULL,NULL,1,"2025-06-24 13:02:24","2025-06-24 13:02:24"
142,12,"Taller de dansa","Ideal per a famílies i grups d'amics.",relax,265,133.15,32,NULL,1,"2025-06-24 13:02:24","2025-06-24 13:02:24"
143,12,"Passeig a cavall",NULL,gastronomia,85,NULL,NULL,9,0,"2025-06-24 13:02:24","2025-06-24 13:02:24"
144,12,"Taller de cuina catalana","Activitat a l'aire lliure per a totes les edats.",gastronomia,153,NULL,NULL,NULL,1,"2025-06-24 13:02:24","2025-06-24 13:02:24"
145,12,"Excursió a la muntanya","Amb monitors especialitzats i material inclòs.",aventura,NULL,NULL,NULL,8,0,"2025-06-24 13:02:24","2025-06-24 13:02:24"
146,12,"Cata de vins","Places limitades, reserva prèvia necessària.",esport,177,182.23,21,NULL,0,"2025-06-24 13:02:24","2025-06-24 13:02:24"
147,12,"Escape room",NULL,aventura,NULL,171.13,NULL,15,1,"2025-06-24 13:02:24","2025-06-24 13:02:24"
148,12,"Visita a cellers",NULL,cultura,244,NULL,22,NULL,1,"2025-06-24 13:02:24","2025-06-24 13:02:24"
149,12,"Sortida en caiac","Places limitades, reserva prèvia necessària.",esport,NULL,53.56,47,NULL,1,"2025-06-24 13:02:24","2025-06-24 13:02:24"
150,13,"Passeig a cavall","Amb monitors especialitzats i material inclòs.",gastronomia,NULL,154.26,60,NULL,1,"2025-06-24 13:02:24","2025-06-24 13:02:24"
151,13,"Observació d'estrelles",NULL,aventura,NULL,31.56,NULL,9,0,"2025-06-24 13:02:24","2025-06-24 13:02:24"
152,13,"Jocs de taula",NULL,aventura,174,126.30,NULL,7,1,"2025-06-24 13:02:24","2025-06-24 13:02:24"
153,13,"Taller de cuina catalana","Descobreix la cultura i la història de la zona.",aventura,271,126.52,88,2,1,"2025-06-24 13:02:24","2025-06-24 13:02:24"
154,13,"Excursió a la muntanya",NULL,esport,149,NULL,90,NULL,0,"2025-06-24 13:02:24","2025-06-24 13:02:24"
155,13,"Cata de vins",NULL,aventura,NULL,191.83,90,NULL,0,"2025-06-24 13:02:24","2025-06-24 13:02:24"
156,13,"Taller de pintura","Activitat per gaudir de la natura i l'entorn.",esport,140,196.18,9,11,0,"2025-06-24 13:02:24","2025-06-24 13:02:24"
157,13,"Ruta de senderisme","Inclou degustació de productes locals.",esport,183,NULL,70,8,1,"2025-06-24 13:02:24","2025-06-24 13:02:24"
158,13,"Taller de ceràmica",NULL,esport,44,92.13,66,13,0,"2025-06-24 13:02:24","2025-06-24 13:02:24"
159,13,"Sortida en caiac",NULL,gastronomia,183,30.96,20,NULL,1,"2025-06-24 13:02:24","2025-06-24 13:02:24"
160,13,"Visita guiada al museu","Per a principiants i experts.",gastronomia,NULL,NULL,NULL,10,1,"2025-06-24 13:02:24","2025-06-24 13:02:24"
161,13,"Gimcana cultural","Places limitades, reserva prèvia necessària.",esport,151,NULL,NULL,4,0,"2025-06-24 13:02:24","2025-06-24 13:02:24"
162,13,"Taller de dansa","Ideal per a famílies i grups d'amics.",aventura,NULL,NULL,48,10,0,"2025-06-24 13:02:24","2025-06-24 13:02:24"
163,14,"Taller de dansa",NULL,esport,105,84.72,NULL,NULL,0,"2025-06-24 13:02:24","2025-06-24 13:02:24"
164,14,"Excursió a la muntanya",NULL,cultura,63,NULL,NULL,7,0,"2025-06-24 13:02:24","2025-06-24 13:02:24"
165,14,"Ioga a la platja",NULL,esport,207,118.21,79,NULL,1,"2025-06-24 13:02:24","2025-06-24 13:02:24"
166,14,"Gimcana cultural","Amb premi per als guanyadors.",aventura,NULL,NULL,61,NULL,0,"2025-06-24 13:02:24","2025-06-24 13:02:24"
167,14,"Ruta de senderisme","Activitat relaxant i saludable.",cultura,82,41.95,44,NULL,0,"2025-06-24 13:02:24","2025-06-24 13:02:24"
168,14,"Taller de fotografia",NULL,cultura,NULL,NULL,NULL,NULL,0,"2025-06-24 13:02:24","2025-06-24 13:02:24"
169,14,"Torneig de pàdel",NULL,relax,NULL,NULL,NULL,NULL,1,"2025-06-24 13:02:24","2025-06-24 13:02:24"
170,14,"Escape room",NULL,relax,NULL,147.68,NULL,5,1,"2025-06-24 13:02:24","2025-06-24 13:02:24"
171,15,"Taller de dansa",NULL,relax,NULL,180.87,NULL,2,0,"2025-06-24 13:02:24","2025-06-24 13:02:24"
172,15,"Ruta de senderisme","Ideal per a famílies i grups d'amics.",aventura,275,NULL,NULL,NULL,0,"2025-06-24 13:02:24","2025-06-24 13:02:24"
173,15,"Observació d'estrelles",NULL,aventura,89,165.21,44,NULL,0,"2025-06-24 13:02:24","2025-06-24 13:02:24"
174,15,"Sortida en bicicleta","Activitat relaxant i saludable.",gastronomia,212,NULL,NULL,12,1,"2025-06-24 13:02:24","2025-06-24 13:02:24"
175,15,"Passeig a cavall","Ideal per a famílies i grups d'amics.",aventura,NULL,NULL,15,14,0,"2025-06-24 13:02:24","2025-06-24 13:02:24"
176,15,"Taller de ceràmica",NULL,relax,NULL,NULL,17,NULL,1,"2025-06-24 13:02:24","2025-06-24 13:02:24"
177,15,"Visita guiada al museu",NULL,gastronomia,189,NULL,NULL,7,0,"2025-06-24 13:02:24","2025-06-24 13:02:24"
178,15,"Taller de fotografia",NULL,esport,185,10.56,NULL,4,0,"2025-06-24 13:02:24","2025-06-24 13:02:24"
179,15,"Torneig de pàdel","Activitat relaxant i saludable.",esport,NULL,NULL,85,7,0,"2025-06-24 13:02:24","2025-06-24 13:02:24"
180,15,"Taller de pintura","Amb premi per als guanyadors.",cultura,271,171.38,42,NULL,0,"2025-06-24 13:02:24","2025-06-24 13:02:24"
181,16,"Cinema a la fresca",NULL,esport,219,104.05,74,10,1,"2025-06-24 13:02:24","2025-06-24 13:02:24"
182,16,"Escape room","Activitat per gaudir de la natura i l'entorn.",relax,NULL,NULL,31,3,0,"2025-06-24 13:02:24","2025-06-24 13:02:24"
183,16,"Ioga a la platja",NULL,gastronomia,148,173.46,79,10,0,"2025-06-24 13:02:24","2025-06-24 13:02:24"
184,16,"Sortida en caiac",NULL,esport,NULL,NULL,61,14,1,"2025-06-24 13:02:24","2025-06-24 13:02:24"
185,16,"Torneig de pàdel","Activitat a l'aire lliure per a totes les edats.",aventura,143,NULL,59,3,1,"2025-06-24 13:02:24","2025-06-24 13:02:24"
186,16,"Ruta de senderisme","Per a principiants i experts.",aventura,NULL,42.03,87,7,0,"2025-06-24 13:02:24","2025-06-24 13:02:24"
187,16,"Passeig a cavall","Activitat per gaudir de la natura i l'entorn.",esport,149,4.16,56,NULL,0,"2025-06-24 13:02:24","2025-06-24 13:02:24"
188,16,"Gimcana cultural",NULL,cultura,287,63.31,NULL,17,0,"2025-06-24 13:02:24","2025-06-24 13:02:24"
189,16,"Visita guiada al museu","Places limitades, reserva prèvia necessària.",relax,138,97.57,NULL,NULL,0,"2025-06-24 13:02:24","2025-06-24 13:02:24"
190,16,"Observació d'estrelles","Amb premi per als guanyadors.",relax,NULL,NULL,32,NULL,0,"2025-06-24 13:02:24","2025-06-24 13:02:24"
191,16,"Sortida en bicicleta",NULL,aventura,NULL,157.76,NULL,NULL,0,"2025-06-24 13:02:24","2025-06-24 13:02:24"
192,16,"Taller de cuina catalana","Activitat a l'aire lliure per a totes les edats.",relax,144,127.42,91,NULL,1,"2025-06-24 13:02:24","2025-06-24 13:02:24"
193,16,"Taller de dansa",NULL,relax,NULL,NULL,NULL,0,0,"2025-06-24 13:02:24","2025-06-24 13:02:24"
194,16,"Cata de vins","Ideal per a famílies i grups d'amics.",aventura,223,153.58,60,16,1,"2025-06-24 13:02:24","2025-06-24 13:02:24"
195,17,"Jocs de taula",NULL,cultura,128,59.91,NULL,8,0,"2025-06-24 13:02:24","2025-06-24 13:02:24"
196,17,"Gimcana cultural",NULL,esport,NULL,NULL,29,16,1,"2025-06-24 13:02:24","2025-06-24 13:02:24"
197,17,"Taller de ceràmica","Amb monitors especialitzats i material inclòs.",cultura,147,96.45,NULL,NULL,0,"2025-06-24 13:02:24","2025-06-24 13:02:24"
198,17,"Passeig a cavall","Activitat relaxant i saludable.",gastronomia,264,NULL,80,NULL,0,"2025-06-24 13:02:24","2025-06-24 13:02:24"
199,17,"Taller de dansa",NULL,esport,NULL,156.76,NULL,14,1,"2025-06-24 13:02:24","2025-06-24 13:02:24"
200,17,"Sortida en caiac","Per a principiants i experts.",gastronomia,NULL,NULL,NULL,15,0,"2025-06-24 13:02:24","2025-06-24 13:02:24"
201,17,"Ioga a la platja",NULL,cultura,NULL,67.93,NULL,15,0,"2025-06-24 13:02:24","2025-06-24 13:02:24"
202,18,"Visita a cellers",NULL,aventura,NULL,NULL,NULL,14,1,"2025-06-24 13:02:24","2025-06-24 13:02:24"
203,18,"Visita guiada al museu",NULL,aventura,NULL,NULL,72,14,1,"2025-06-24 13:02:24","2025-06-24 13:02:24"
204,18,"Taller de cuina catalana","Amb monitors especialitzats i material inclòs.",aventura,193,193.19,89,11,0,"2025-06-24 13:02:24","2025-06-24 13:02:24"
205,18,"Taller de dansa",NULL,gastronomia,NULL,NULL,41,NULL,0,"2025-06-24 13:02:24","2025-06-24 13:02:24"
206,18,"Jocs de taula","Activitat relaxant i saludable.",esport,NULL,159.96,76,NULL,1,"2025-06-24 13:02:24","2025-06-24 13:02:24"
207,18,"Sortida en bicicleta","Activitat relaxant i saludable.",gastronomia,NULL,NULL,NULL,6,0,"2025-06-24 13:02:24","2025-06-24 13:02:24"
208,18,"Observació d'estrelles","Activitat relaxant i saludable.",relax,NULL,108.84,NULL,NULL,1,"2025-06-24 13:02:24","2025-06-24 13:02:24"
209,18,"Passeig a cavall","Activitat per gaudir de la natura i l'entorn.",relax,227,NULL,55,8,1,"2025-06-24 13:02:24","2025-06-24 13:02:24"
210,18,"Excursió a la muntanya","Activitat relaxant i saludable.",aventura,NULL,99.28,17,9,1,"2025-06-24 13:02:24","2025-06-24 13:02:24"
211,18,"Gimcana cultural",NULL,aventura,NULL,151.37,37,NULL,1,"2025-06-24 13:02:24","2025-06-24 13:02:24"
212,18,"Sortida en caiac","Inclou degustació de productes locals.",cultura,250,69.94,NULL,11,1,"2025-06-24 13:02:24","2025-06-24 13:02:24"
213,18,"Ruta de senderisme",NULL,cultura,NULL,140.92,5,NULL,0,"2025-06-24 13:02:24","2025-06-24 13:02:24"
214,19,"Taller de ceràmica",NULL,esport,58,30.52,NULL,NULL,1,"2025-06-24 13:02:24","2025-06-24 13:02:24"
215,19,"Gimcana cultural","Ideal per a famílies i grups d'amics.",aventura,216,153.71,NULL,12,1,"2025-06-24 13:02:24","2025-06-24 13:02:24"
216,19,"Observació d'estrelles","Amb monitors especialitzats i material inclòs.",gastronomia,NULL,109.23,14,11,1,"2025-06-24 13:02:24","2025-06-24 13:02:24"
217,19,"Taller de pintura",NULL,gastronomia,NULL,68.13,NULL,4,1,"2025-06-24 13:02:24","2025-06-24 13:02:24"
218,19,"Taller de dansa","Activitat relaxant i saludable.",relax,82,178.36,8,13,0,"2025-06-24 13:02:24","2025-06-24 13:02:24"
219,19,"Escape room","Places limitades, reserva prèvia necessària.",relax,NULL,NULL,NULL,NULL,1,"2025-06-24 13:02:24","2025-06-24 13:02:24"
220,19,"Ruta de senderisme","Amb monitors especialitzats i material inclòs.",cultura,127,159.97,NULL,6,1,"2025-06-24 13:02:24","2025-06-24 13:02:24"
221,19,"Torneig de pàdel",NULL,aventura,118,143.70,NULL,11,1,"2025-06-24 13:02:24","2025-06-24 13:02:24"
222,19,"Jocs de taula","Amb monitors especialitzats i material inclòs.",esport,NULL,NULL,48,NULL,1,"2025-06-24 13:02:24","2025-06-24 13:02:24"
223,19,"Visita guiada al museu","Amb premi per als guanyadors.",esport,NULL,129.39,25,14,1,"2025-06-24 13:02:24","2025-06-24 13:02:24"
224,19,"Excursió a la muntanya","Amb monitors especialitzats i material inclòs.",cultura,NULL,100.44,NULL,10,1,"2025-06-24 13:02:24","2025-06-24 13:02:24"
225,19,"Taller de fotografia","Places limitades, reserva prèvia necessària.",aventura,NULL,68.48,64,NULL,0,"2025-06-24 13:02:24","2025-06-24 13:02:24"
226,19,"Cata de vins",NULL,gastronomia,83,122.79,47,1,1,"2025-06-24 13:02:24","2025-06-24 13:02:24"
227,19,"Passeig a cavall","Activitat a l'aire lliure per a totes les edats.",esport,113,9.41,57,6,1,"2025-06-24 13:02:24","2025-06-24 13:02:24"
228,19,"Cinema a la fresca","Amb monitors especialitzats i material inclòs.",gastronomia,53,174.22,19,12,0,"2025-06-24 13:02:24","2025-06-24 13:02:24"
229,19,"Sortida en caiac",NULL,esport,277,105.45,56,NULL,0,"2025-06-24 13:02:24","2025-06-24 13:02:24"
230,19,"Sortida en bicicleta",NULL,relax,NULL,NULL,NULL,3,0,"2025-06-24 13:02:24","2025-06-24 13:02:24"
231,19,"Ioga a la platja",NULL,relax,110,NULL,NULL,NULL,0,"2025-06-24 13:02:24","2025-06-24 13:02:24"
232,20,"Taller de pintura","Amb monitors especialitzats i material inclòs.",cultura,NULL,NULL,83,NULL,1,"2025-06-24 13:02:24","2025-06-24 13:02:24"
233,20,"Gimcana cultural","Activitat a l'aire lliure per a totes les edats.",esport,157,NULL,55,NULL,0,"2025-06-24 13:02:24","2025-06-24 13:02:24"
234,20,"Cata de vins","Activitat relaxant i saludable.",relax,NULL,86.16,39,4,1,"2025-06-24 13:02:24","2025-06-24 13:02:24"
235,20,"Taller de fotografia","Ideal per a famílies i grups d'amics.",relax,NULL,NULL,76,NULL,0,"2025-06-24 13:02:24","2025-06-24 13:02:24"
236,20,"Ioga a la platja",NULL,gastronomia,NULL,NULL,NULL,NULL,1,"2025-06-24 13:02:24","2025-06-24 13:02:24"
237,20,"Excursió a la muntanya","Amb premi per als guanyadors.",relax,290,1.56,78,11,1,"2025-06-24 13:02:24","2025-06-24 13:02:24"
238,20,"Torneig de pàdel","Per a principiants i experts.",esport,126,NULL,89,NULL,0,"2025-06-24 13:02:24","2025-06-24 13:02:24"
239,20,"Taller de dansa","Activitat relaxant i saludable.",gastronomia,274,NULL,29,NULL,0,"2025-06-24 13:02:24","2025-06-24 13:02:24"
240,20,"Escape room",NULL,esport,102,6.39,71,14,1,"2025-06-24 13:02:24","2025-06-24 13:02:24"
241,20,"Taller de ceràmica","Activitat a l'aire lliure per a totes les edats.",esport,88,NULL,NULL,NULL,0,"2025-06-24 13:02:24","2025-06-24 13:02:24"
242,20,"Passeig a cavall",NULL,relax,269,164.33,86,0,1,"2025-06-24 13:02:24","2025-06-24 13:02:24"
243,21,"Observació d'estrelles","Activitat a l'aire lliure per a totes les edats.",aventura,281,NULL,26,NULL,0,"2025-06-24 13:02:24","2025-06-24 13:02:24"
244,21,"Gimcana cultural","Amb monitors especialitzats i material inclòs.",cultura,NULL,NULL,NULL,NULL,0,"2025-06-24 13:02:24","2025-06-24 13:02:24"
245,21,"Ruta de senderisme",NULL,esport,NULL,NULL,58,NULL,1,"2025-06-24 13:02:24","2025-06-24 13:02:24"
246,21,"Sortida en caiac","Descobreix la cultura i la història de la zona.",cultura,NULL,NULL,76,3,0,"2025-06-24 13:02:24","2025-06-24 13:02:24"
247,21,"Sortida en bicicleta","Descobreix la cultura i la història de la zona.",cultura,NULL,NULL,NULL,NULL,1,"2025-06-24 13:02:24","2025-06-24 13:02:24"
248,21,"Visita a cellers",NULL,gastronomia,NULL,35.01,85,NULL,1,"2025-06-24 13:02:24","2025-06-24 13:02:24"
249,21,"Taller de cuina catalana",NULL,esport,262,140.03,79,7,1,"2025-06-24 13:02:24","2025-06-24 13:02:24"
250,21,"Escape room","Ideal per a famílies i grups d'amics.",relax,235,123.51,NULL,NULL,1,"2025-06-24 13:02:24","2025-06-24 13:02:24"
251,21,"Cata de vins","Activitat a l'aire lliure per a totes les edats.",gastronomia,NULL,120.00,NULL,12,1,"2025-06-24 13:02:24","2025-06-24 13:02:24"
252,21,"Visita guiada al museu",NULL,relax,NULL,91.09,28,NULL,0,"2025-06-24 13:02:24","2025-06-24 13:02:24"
253,21,"Taller de fotografia",NULL,esport,NULL,25.53,NULL,12,0,"2025-06-24 13:02:24","2025-06-24 13:02:24"
254,21,"Ioga a la platja",NULL,gastronomia,177,NULL,89,NULL,1,"2025-06-24 13:02:24","2025-06-24 13:02:24"
255,21,"Torneig de pàdel","Activitat a l'aire lliure per a totes les edats.",gastronomia,258,151.18,57,NULL,0,"2025-06-24 13:02:24","2025-06-24 13:02:24"
256,21,"Cinema a la fresca","Amb monitors especialitzats i material inclòs.",esport,62,50.21,78,12,0,"2025-06-24 13:02:24","2025-06-24 13:02:24"
257,22,"Escape room",NULL,aventura,NULL,NULL,NULL,6,0,"2025-06-24 13:02:24","2025-06-24 13:02:24"
258,22,"Taller de fotografia","Amb premi per als guanyadors.",relax,158,138.49,60,NULL,1,"2025-06-24 13:02:24","2025-06-24 13:02:24"
259,22,"Sortida en bicicleta",NULL,cultura,49,4.80,46,8,1,"2025-06-24 13:02:24","2025-06-24 13:02:24"
260,22,"Visita a cellers","Per a principiants i experts.",relax,NULL,147.25,31,NULL,0,"2025-06-24 13:02:24","2025-06-24 13:02:24"
261,22,"Passeig a cavall",NULL,esport,NULL,14.37,18,NULL,1,"2025-06-24 13:02:24","2025-06-24 13:02:24"
262,22,"Taller de ceràmica",NULL,gastronomia,NULL,NULL,26,14,0,"2025-06-24 13:02:24","2025-06-24 13:02:24"
263,22,"Taller de cuina catalana","Activitat per gaudir de la natura i l'entorn.",aventura,NULL,61.55,NULL,16,1,"2025-06-24 13:02:24","2025-06-24 13:02:24"
264,22,"Cinema a la fresca","Ideal per a famílies i grups d'amics.",gastronomia,292,NULL,21,NULL,1,"2025-06-24 13:02:24","2025-06-24 13:02:24"
265,22,"Jocs de taula","Amb premi per als guanyadors.",cultura,NULL,154.46,72,3,1,"2025-06-24 13:02:24","2025-06-24 13:02:24"
266,22,"Gimcana cultural","Per a principiants i experts.",cultura,95,NULL,7,12,1,"2025-06-24 13:02:24","2025-06-24 13:02:24"
267,22,"Sortida en caiac",NULL,relax,139,145.54,NULL,0,0,"2025-06-24 13:02:24","2025-06-24 13:02:24"
268,22,"Cata de vins","Ideal per a famílies i grups d'amics.",cultura,NULL,124.33,NULL,9,1,"2025-06-24 13:02:24","2025-06-24 13:02:24"
269,22,"Observació d'estrelles","Activitat per gaudir de la natura i l'entorn.",aventura,NULL,NULL,31,NULL,1,"2025-06-24 13:02:24","2025-06-24 13:02:24"
270,22,"Torneig de pàdel",NULL,aventura,NULL,NULL,53,NULL,1,"2025-06-24 13:02:24","2025-06-24 13:02:24"
271,22,"Taller de pintura","Descobreix la cultura i la història de la zona.",relax,188,NULL,NULL,NULL,0,"2025-06-24 13:02:24","2025-06-24 13:02:24"
272,22,"Visita guiada al museu",NULL,relax,NULL,NULL,74,NULL,0,"2025-06-24 13:02:24","2025-06-24 13:02:24"
273,23,"Cinema a la fresca","Activitat a l'aire lliure per a totes les edats.",relax,NULL,NULL,73,NULL,0,"2025-06-24 13:02:24","2025-06-24 13:02:24"
274,23,"Escape room",NULL,cultura,NULL,NULL,46,1,0,"2025-06-24 13:02:24","2025-06-24 13:02:24"
275,23,"Taller de fotografia",NULL,aventura,144,NULL,NULL,15,1,"2025-06-24 13:02:24","2025-06-24 13:02:24"
276,23,"Passeig a cavall",NULL,aventura,NULL,94.14,22,NULL,1,"2025-06-24 13:02:24","2025-06-24 13:02:24"
277,23,"Torneig de pàdel","Amb monitors especialitzats i material inclòs.",relax,NULL,83.12,NULL,NULL,0,"2025-06-24 13:02:24","2025-06-24 13:02:24"
278,23,"Gimcana cultural","Amb premi per als guanyadors.",gastronomia,178,128.91,49,7,1,"2025-06-24 13:02:24","2025-06-24 13:02:24"
279,23,"Taller de dansa",NULL,esport,NULL,NULL,NULL,NULL,1,"2025-06-24 13:02:24","2025-06-24 13:02:24"
280,23,"Observació d'estrelles",NULL,relax,156,NULL,NULL,16,1,"2025-06-24 13:02:24","2025-06-24 13:02:24"
281,23,"Ruta de senderisme",NULL,cultura,222,NULL,NULL,12,1,"2025-06-24 13:02:24","2025-06-24 13:02:24"
282,23,"Taller de pintura",NULL,cultura,60,NULL,NULL,13,0,"2025-06-24 13:02:24","2025-06-24 13:02:24"
283,23,"Sortida en caiac",NULL,gastronomia,NULL,NULL,93,NULL,1,"2025-06-24 13:02:24","2025-06-24 13:02:24"
284,23,"Visita a cellers","Per a principiants i experts.",cultura,248,103.84,NULL,17,1,"2025-06-24 13:02:24","2025-06-24 13:02:24"
285,23,"Cata de vins","Per a principiants i experts.",aventura,NULL,NULL,11,13,0,"2025-06-24 13:02:24","2025-06-24 13:02:24"
286,23,"Taller de cuina catalana",NULL,relax,108,175.23,83,9,0,"2025-06-24 13:02:24","2025-06-24 13:02:24"
287,23,"Taller de ceràmica",NULL,aventura,289,NULL,NULL,9,0,"2025-06-24 13:02:24","2025-06-24 13:02:24"
288,23,"Excursió a la muntanya","Activitat a l'aire lliure per a totes les edats.",cultura,238,67.94,21,NULL,1,"2025-06-24 13:02:24","2025-06-24 13:02:24"
289,24,"Passeig a cavall",NULL,gastronomia,162,NULL,NULL,12,1,"2025-06-24 13:02:24","2025-06-24 13:02:24"
290,24,"Excursió a la muntanya",NULL,gastronomia,NULL,165.25,66,NULL,1,"2025-06-24 13:02:24","2025-06-24 13:02:24"
291,24,"Visita a cellers",NULL,relax,63,6.72,78,NULL,0,"2025-06-24 13:02:24","2025-06-24 13:02:24"
292,24,"Taller de dansa","Descobreix la cultura i la història de la zona.",aventura,51,169.01,NULL,4,1,"2025-06-24 13:02:24","2025-06-24 13:02:24"
293,24,"Sortida en caiac",NULL,aventura,105,NULL,NULL,0,1,"2025-06-24 13:02:24","2025-06-24 13:02:24"
294,24,"Cinema a la fresca",NULL,aventura,97,145.62,15,NULL,1,"2025-06-24 13:02:24","2025-06-24 13:02:24"
295,24,"Taller de pintura","Per a principiants i experts.",esport,NULL,NULL,NULL,NULL,0,"2025-06-24 13:02:24","2025-06-24 13:02:24"
296,24,"Ruta de senderisme",NULL,relax,NULL,NULL,NULL,NULL,0,"2025-06-24 13:02:24","2025-06-24 13:02:24"
297,24,"Sortida en bicicleta",NULL,cultura,NULL,NULL,60,NULL,1,"2025-06-24 13:02:24","2025-06-24 13:02:24"
298,24,"Ioga a la platja",NULL,relax,NULL,NULL,74,NULL,1,"2025-06-24 13:02:24","2025-06-24 13:02:24"
299,24,"Jocs de taula","Activitat per gaudir de la natura i l'entorn.",cultura,209,NULL,NULL,6,1,"2025-06-24 13:02:24","2025-06-24 13:02:24"
300,24,"Taller de ceràmica","Places limitades, reserva prèvia necessària.",esport,62,NULL,NULL,11,1,"2025-06-24 13:02:24","2025-06-24 13:02:24"
301,24,"Gimcana cultural","Activitat per gaudir de la natura i l'entorn.",esport,NULL,139.55,NULL,NULL,1,"2025-06-24 13:02:24","2025-06-24 13:02:24"
302,24,"Taller de cuina catalana","Per a principiants i experts.",cultura,NULL,NULL,NULL,NULL,1,"2025-06-24 13:02:24","2025-06-24 13:02:24"
303,25,"Torneig de pàdel","Amb premi per als guanyadors.",gastronomia,NULL,21.87,NULL,NULL,0,"2025-06-24 13:02:24","2025-06-24 13:02:24"
304,25,"Gimcana cultural","Activitat a l'aire lliure per a totes les edats.",relax,194,78.04,56,4,0,"2025-06-24 13:02:24","2025-06-24 13:02:24"
305,25,"Taller de cuina catalana","Descobreix la cultura i la història de la zona.",aventura,172,NULL,84,NULL,0,"2025-06-24 13:02:24","2025-06-24 13:02:24"
306,25,"Jocs de taula","Per a principiants i experts.",gastronomia,115,NULL,9,7,0,"2025-06-24 13:02:24","2025-06-24 13:02:24"
307,25,"Taller de fotografia","Inclou degustació de productes locals.",cultura,245,137.13,NULL,5,1,"2025-06-24 13:02:24","2025-06-24 13:02:24"
308,25,"Visita a cellers",NULL,esport,284,167.63,NULL,17,0,"2025-06-24 13:02:24","2025-06-24 13:02:24"
309,25,"Ioga a la platja",NULL,gastronomia,196,156.79,NULL,NULL,0,"2025-06-24 13:02:24","2025-06-24 13:02:24"
310,25,"Taller de pintura","Per a principiants i experts.",gastronomia,137,NULL,59,NULL,0,"2025-06-24 13:02:24","2025-06-24 13:02:24"
311,25,"Ruta de senderisme","Activitat per gaudir de la natura i l'entorn.",aventura,NULL,153.20,48,7,1,"2025-06-24 13:02:24","2025-06-24 13:02:24"
312,25,"Passeig a cavall",NULL,aventura,NULL,NULL,NULL,NULL,0,"2025-06-24 13:02:24","2025-06-24 13:02:24"
313,25,"Visita guiada al museu",NULL,relax,236,157.82,NULL,16,0,"2025-06-24 13:02:24","2025-06-24 13:02:24"
314,25,"Taller de dansa","Places limitades, reserva prèvia necessària.",cultura,NULL,NULL,NULL,NULL,0,"2025-06-24 13:02:24","2025-06-24 13:02:24"
315,25,"Observació d'estrelles",NULL,relax,NULL,49.78,80,10,0,"2025-06-24 13:02:24","2025-06-24 13:02:24"
316,25,"Cinema a la fresca",NULL,esport,NULL,NULL,NULL,NULL,1,"2025-06-24 13:02:24","2025-06-24 13:02:24"
317,25,"Cata de vins",NULL,gastronomia,172,NULL,NULL,NULL,1,"2025-06-24 13:02:24","2025-06-24 13:02:24"
318,25,"Escape room","Descobreix la cultura i la història de la zona.",relax,160,116.40,9,NULL,1,"2025-06-24 13:02:24","2025-06-24 13:02:24"
319,25,"Sortida en caiac","Amb premi per als guanyadors.",cultura,241,NULL,25,NULL,0,"2025-06-24 13:02:24","2025-06-24 13:02:24"
320,26,"Taller de dansa","Activitat a l'aire lliure per a totes les edats.",relax,241,156.14,NULL,10,0,"2025-06-24 13:02:24","2025-06-24 13:02:24"
321,26,"Taller de ceràmica","Activitat relaxant i saludable.",relax,NULL,NULL,39,NULL,1,"2025-06-24 13:02:24","2025-06-24 13:02:24"
322,26,"Passeig a cavall",NULL,gastronomia,NULL,48.43,NULL,16,0,"2025-06-24 13:02:24","2025-06-24 13:02:24"
323,26,"Taller de cuina catalana","Amb monitors especialitzats i material inclòs.",aventura,168,NULL,24,12,1,"2025-06-24 13:02:24","2025-06-24 13:02:24"
324,26,"Taller de fotografia","Descobreix la cultura i la història de la zona.",aventura,266,98.43,5,11,0,"2025-06-24 13:02:24","2025-06-24 13:02:24"
325,26,"Visita guiada al museu",NULL,aventura,75,113.86,64,2,0,"2025-06-24 13:02:24","2025-06-24 13:02:24"
326,26,"Jocs de taula",NULL,esport,127,121.70,NULL,11,1,"2025-06-24 13:02:24","2025-06-24 13:02:24"
327,26,"Torneig de pàdel","Per a principiants i experts.",cultura,NULL,NULL,76,NULL,0,"2025-06-24 13:02:24","2025-06-24 13:02:24"
328,26,"Visita a cellers","Inclou degustació de productes locals.",aventura,NULL,NULL,66,NULL,1,"2025-06-24 13:02:24","2025-06-24 13:02:24"
329,26,"Escape room",NULL,relax,104,84.51,NULL,NULL,0,"2025-06-24 13:02:24","2025-06-24 13:02:24"
330,26,"Cata de vins","Amb premi per als guanyadors.",esport,NULL,129.92,89,9,0,"2025-06-24 13:02:24","2025-06-24 13:02:24"
331,26,"Cinema a la fresca","Ideal per a famílies i grups d'amics.",cultura,64,NULL,NULL,5,1,"2025-06-24 13:02:24","2025-06-24 13:02:24"
332,26,"Taller de pintura","Amb premi per als guanyadors.",relax,NULL,9.12,NULL,NULL,0,"2025-06-24 13:02:24","2025-06-24 13:02:24"
333,26,"Gimcana cultural","Amb premi per als guanyadors.",aventura,191,NULL,42,7,1,"2025-06-24 13:02:24","2025-06-24 13:02:24"
334,27,"Sortida en bicicleta",NULL,gastronomia,198,NULL,NULL,14,0,"2025-06-24 13:02:24","2025-06-24 13:02:24"
335,27,"Taller de fotografia","Inclou degustació de productes locals.",gastronomia,245,NULL,NULL,NULL,0,"2025-06-24 13:02:24","2025-06-24 13:02:24"
336,27,"Escape room",NULL,aventura,NULL,78.79,NULL,4,0,"2025-06-24 13:02:24","2025-06-24 13:02:24"
337,27,"Excursió a la muntanya","Per a principiants i experts.",relax,134,NULL,50,NULL,1,"2025-06-24 13:02:24","2025-06-24 13:02:24"
338,27,"Torneig de pàdel",NULL,esport,234,NULL,60,17,1,"2025-06-24 13:02:24","2025-06-24 13:02:24"
339,27,"Taller de ceràmica","Amb monitors especialitzats i material inclòs.",relax,37,NULL,NULL,6,0,"2025-06-24 13:02:24","2025-06-24 13:02:24"
340,27,"Ruta de senderisme",NULL,gastronomia,69,NULL,84,3,1,"2025-06-24 13:02:24","2025-06-24 13:02:24"
341,27,"Cinema a la fresca","Activitat a l'aire lliure per a totes les edats.",relax,NULL,NULL,NULL,4,1,"2025-06-24 13:02:24","2025-06-24 13:02:24"
342,27,"Taller de pintura",NULL,aventura,NULL,72.21,NULL,3,0,"2025-06-24 13:02:24","2025-06-24 13:02:24"
343,27,"Observació d'estrelles",NULL,gastronomia,183,NULL,NULL,NULL,1,"2025-06-24 13:02:24","2025-06-24 13:02:24"
344,27,"Visita a cellers",NULL,gastronomia,71,NULL,80,NULL,1,"2025-06-24 13:02:24","2025-06-24 13:02:24"
345,28,"Observació d'estrelles",NULL,relax,NULL,NULL,NULL,NULL,1,"2025-06-24 13:02:24","2025-06-24 13:02:24"
346,28,"Cata de vins","Activitat relaxant i saludable.",gastronomia,NULL,152.28,NULL,6,0,"2025-06-24 13:02:24","2025-06-24 13:02:24"
347,28,"Ruta de senderisme","Ideal per a famílies i grups d'amics.",gastronomia,NULL,NULL,NULL,3,0,"2025-06-24 13:02:24","2025-06-24 13:02:24"
348,28,"Visita guiada al museu","Places limitades, reserva prèvia necessària.",gastronomia,36,NULL,59,NULL,1,"2025-06-24 13:02:24","2025-06-24 13:02:24"
349,28,"Excursió a la muntanya","Activitat a l'aire lliure per a totes les edats.",aventura,277,90.16,NULL,12,0,"2025-06-24 13:02:24","2025-06-24 13:02:24"
350,28,"Taller de pintura","Activitat per gaudir de la natura i l'entorn.",cultura,205,NULL,26,4,0,"2025-06-24 13:02:24","2025-06-24 13:02:24"
351,28,"Visita a cellers",NULL,gastronomia,120,NULL,70,12,0,"2025-06-24 13:02:24","2025-06-24 13:02:24"
352,28,"Ioga a la platja","Activitat per gaudir de la natura i l'entorn.",aventura,237,150.55,51,NULL,0,"2025-06-24 13:02:24","2025-06-24 13:02:24"
353,28,"Cinema a la fresca","Activitat relaxant i saludable.",relax,NULL,25.82,18,15,1,"2025-06-24 13:02:24","2025-06-24 13:02:24"
354,28,"Sortida en bicicleta",NULL,cultura,128,113.48,NULL,NULL,1,"2025-06-24 13:02:24","2025-06-24 13:02:24"
355,28,"Escape room","Activitat relaxant i saludable.",relax,90,165.18,NULL,0,1,"2025-06-24 13:02:24","2025-06-24 13:02:24"
356,28,"Torneig de pàdel","Amb premi per als guanyadors.",relax,NULL,NULL,NULL,9,1,"2025-06-24 13:02:24","2025-06-24 13:02:24"
357,28,"Gimcana cultural",NULL,aventura,NULL,NULL,NULL,NULL,1,"2025-06-24 13:02:24","2025-06-24 13:02:24"
358,28,"Jocs de taula","Inclou degustació de productes locals.",aventura,137,NULL,NULL,9,1,"2025-06-24 13:02:24","2025-06-24 13:02:24"
359,28,"Taller de ceràmica","Activitat a l'aire lliure per a totes les edats.",relax,74,169.05,NULL,NULL,1,"2025-06-24 13:02:24","2025-06-24 13:02:24"
360,28,"Passeig a cavall","Amb premi per als guanyadors.",cultura,111,159.85,61,NULL,1,"2025-06-24 13:02:24","2025-06-24 13:02:24"
361,28,"Taller de dansa","Amb monitors especialitzats i material inclòs.",gastronomia,262,NULL,NULL,NULL,0,"2025-06-24 13:02:24","2025-06-24 13:02:24"
362,29,"Cinema a la fresca","Activitat relaxant i saludable.",esport,123,NULL,64,1,0,"2025-06-24 13:02:24","2025-06-24 13:02:24"
363,29,"Taller de pintura",NULL,cultura,NULL,118.97,82,NULL,1,"2025-06-24 13:02:24","2025-06-24 13:02:24"
364,29,"Ruta de senderisme","Ideal per a famílies i grups d'amics.",cultura,NULL,NULL,NULL,6,0,"2025-06-24 13:02:24","2025-06-24 13:02:24"
365,29,"Excursió a la muntanya","Ideal per a famílies i grups d'amics.",esport,266,142.67,45,NULL,0,"2025-06-24 13:02:24","2025-06-24 13:02:24"
366,29,"Jocs de taula",NULL,gastronomia,61,NULL,NULL,1,0,"2025-06-24 13:02:24","2025-06-24 13:02:24"
367,29,"Escape room","Activitat relaxant i saludable.",relax,254,148.64,NULL,NULL,0,"2025-06-24 13:02:24","2025-06-24 13:02:24"
368,29,"Gimcana cultural",NULL,esport,206,96.01,NULL,NULL,0,"2025-06-24 13:02:24","2025-06-24 13:02:24"
369,29,"Visita guiada al museu","Per a principiants i experts.",relax,90,NULL,NULL,15,0,"2025-06-24 13:02:24","2025-06-24 13:02:24"
370,29,"Taller de fotografia","Activitat relaxant i saludable.",esport,NULL,92.06,NULL,NULL,1,"2025-06-24 13:02:24","2025-06-24 13:02:24"
371,29,"Sortida en bicicleta",NULL,cultura,NULL,NULL,66,NULL,0,"2025-06-24 13:02:24","2025-06-24 13:02:24"
372,30,"Passeig a cavall","Ideal per a famílies i grups d'amics.",cultura,NULL,174.46,NULL,NULL,1,"2025-06-24 13:02:24","2025-06-24 13:02:24"
373,30,"Taller de fotografia","Places limitades, reserva prèvia necessària.",gastronomia,NULL,31.51,NULL,11,1,"2025-06-24 13:02:24","2025-06-24 13:02:24"
374,30,"Cata de vins",NULL,gastronomia,202,NULL,32,3,0,"2025-06-24 13:02:24","2025-06-24 13:02:24"
375,30,"Observació d'estrelles","Ideal per a famílies i grups d'amics.",aventura,NULL,70.35,10,16,1,"2025-06-24 13:02:24","2025-06-24 13:02:24"
376,31,"Visita guiada al museu","Ideal per a famílies i grups d'amics.",cultura,170,NULL,60,0,1,"2025-06-24 13:02:24","2025-06-24 13:02:24"
377,31,"Visita a cellers",NULL,relax,NULL,72.10,NULL,NULL,0,"2025-06-24 13:02:24","2025-06-24 13:02:24"
378,31,"Jocs de taula",NULL,cultura,NULL,182.72,NULL,5,1,"2025-06-24 13:02:24","2025-06-24 13:02:24"
379,31,"Taller de cuina catalana","Activitat relaxant i saludable.",relax,NULL,NULL,NULL,7,0,"2025-06-24 13:02:24","2025-06-24 13:02:24"
380,31,"Escape room","Per a principiants i experts.",aventura,102,NULL,NULL,NULL,0,"2025-06-24 13:02:24","2025-06-24 13:02:24"
381,31,"Taller de ceràmica","Amb premi per als guanyadors.",esport,89,126.89,51,NULL,0,"2025-06-24 13:02:24","2025-06-24 13:02:24"
382,31,"Taller de dansa",NULL,cultura,NULL,94.45,71,13,0,"2025-06-24 13:02:24","2025-06-24 13:02:24"
383,31,"Ruta de senderisme","Amb monitors especialitzats i material inclòs.",aventura,NULL,180.57,15,15,1,"2025-06-24 13:02:24","2025-06-24 13:02:24"
384,31,"Cata de vins",NULL,gastronomia,NULL,182.24,73,NULL,1,"2025-06-24 13:02:24","2025-06-24 13:02:24"
385,31,"Ioga a la platja",NULL,esport,NULL,48.27,NULL,2,0,"2025-06-24 13:02:24","2025-06-24 13:02:24"
386,31,"Taller de fotografia","Places limitades, reserva prèvia necessària.",cultura,NULL,69.43,NULL,NULL,1,"2025-06-24 13:02:24","2025-06-24 13:02:24"
387,32,"Observació d'estrelles","Activitat a l'aire lliure per a totes les edats.",cultura,NULL,39.31,NULL,NULL,1,"2025-06-24 13:02:24","2025-06-24 13:02:24"
388,32,"Taller de pintura","Amb monitors especialitzats i material inclòs.",esport,128,NULL,NULL,NULL,1,"2025-06-24 13:02:24","2025-06-24 13:02:24"
389,32,"Taller de ceràmica","Places limitades, reserva prèvia necessària.",aventura,77,NULL,53,5,1,"2025-06-24 13:02:24","2025-06-24 13:02:24"
390,32,"Torneig de pàdel","Descobreix la cultura i la història de la zona.",gastronomia,NULL,77.61,NULL,9,0,"2025-06-24 13:02:24","2025-06-24 13:02:24"
391,32,"Gimcana cultural",NULL,relax,NULL,NULL,24,4,0,"2025-06-24 13:02:24","2025-06-24 13:02:24"
392,32,"Passeig a cavall","Inclou degustació de productes locals.",cultura,NULL,136.08,77,NULL,0,"2025-06-24 13:02:24","2025-06-24 13:02:24"
393,32,"Jocs de taula",NULL,relax,NULL,NULL,46,7,1,"2025-06-24 13:02:24","2025-06-24 13:02:24"
394,32,"Sortida en caiac","Activitat a l'aire lliure per a totes les edats.",cultura,85,NULL,NULL,NULL,1,"2025-06-24 13:02:24","2025-06-24 13:02:24"
395,32,"Sortida en bicicleta",NULL,gastronomia,NULL,24.96,85,15,1,"2025-06-24 13:02:24","2025-06-24 13:02:24"
396,32,"Ruta de senderisme",NULL,cultura,NULL,35.11,71,NULL,0,"2025-06-24 13:02:24","2025-06-24 13:02:24"
397,32,"Taller de fotografia",NULL,cultura,NULL,113.38,NULL,7,1,"2025-06-24 13:02:24","2025-06-24 13:02:24"
398,32,"Visita guiada al museu","Descobreix la cultura i la història de la zona.",gastronomia,110,152.33,29,11,0,"2025-06-24 13:02:24","2025-06-24 13:02:24"
399,32,"Excursió a la muntanya","Places limitades, reserva prèvia necessària.",relax,48,148.97,NULL,NULL,1,"2025-06-24 13:02:24","2025-06-24 13:02:24"
400,32,"Ioga a la platja",NULL,gastronomia,95,NULL,36,NULL,0,"2025-06-24 13:02:24","2025-06-24 13:02:24"
401,32,"Visita a cellers",NULL,esport,276,NULL,89,NULL,1,"2025-06-24 13:02:24","2025-06-24 13:02:24"
402,32,"Cata de vins",NULL,esport,NULL,NULL,NULL,NULL,0,"2025-06-24 13:02:24","2025-06-24 13:02:24"
403,33,"Sortida en caiac","Amb monitors especialitzats i material inclòs.",relax,NULL,NULL,37,NULL,1,"2025-06-24 13:02:24","2025-06-24 13:02:24"
404,33,"Sortida en bicicleta","Ideal per a famílies i grups d'amics.",gastronomia,NULL,NULL,NULL,NULL,1,"2025-06-24 13:02:24","2025-06-24 13:02:24"
405,34,"Taller de ceràmica",NULL,cultura,93,NULL,67,12,1,"2025-06-24 13:02:24","2025-06-24 13:02:24"
406,34,"Taller de fotografia","Amb monitors especialitzats i material inclòs.",relax,NULL,127.82,NULL,NULL,1,"2025-06-24 13:02:24","2025-06-24 13:02:24"
407,34,"Cinema a la fresca","Activitat relaxant i saludable.",cultura,259,81.37,85,11,1,"2025-06-24 13:02:24","2025-06-24 13:02:24"
408,34,"Observació d'estrelles","Ideal per a famílies i grups d'amics.",gastronomia,NULL,NULL,NULL,NULL,0,"2025-06-24 13:02:24","2025-06-24 13:02:24"
409,34,"Jocs de taula",NULL,cultura,200,NULL,46,NULL,0,"2025-06-24 13:02:24","2025-06-24 13:02:24"
410,34,"Taller de cuina catalana",NULL,cultura,NULL,4.96,NULL,17,0,"2025-06-24 13:02:24","2025-06-24 13:02:24"
411,34,"Torneig de pàdel","Descobreix la cultura i la història de la zona.",esport,NULL,61.56,25,16,1,"2025-06-24 13:02:24","2025-06-24 13:02:24"
412,34,"Taller de dansa","Activitat a l'aire lliure per a totes les edats.",cultura,NULL,NULL,83,8,0,"2025-06-24 13:02:24","2025-06-24 13:02:24"
413,34,"Escape room","Amb premi per als guanyadors.",cultura,171,NULL,5,NULL,1,"2025-06-24 13:02:24","2025-06-24 13:02:24"
414,34,"Taller de pintura",NULL,gastronomia,56,70.37,19,NULL,0,"2025-06-24 13:02:24","2025-06-24 13:02:24"
415,34,"Gimcana cultural","Per a principiants i experts.",cultura,NULL,78.18,NULL,NULL,0,"2025-06-24 13:02:24","2025-06-24 13:02:24"
416,34,"Excursió a la muntanya",NULL,esport,NULL,NULL,NULL,3,1,"2025-06-24 13:02:24","2025-06-24 13:02:24"
417,34,"Visita guiada al museu",NULL,cultura,48,108.00,NULL,NULL,0,"2025-06-24 13:02:24","2025-06-24 13:02:24"
418,35,"Ioga a la platja","Inclou degustació de productes locals.",cultura,NULL,56.51,55,NULL,0,"2025-06-24 13:02:24","2025-06-24 13:02:24"
419,35,"Ruta de senderisme","Ideal per a famílies i grups d'amics.",esport,202,22.32,6,NULL,0,"2025-06-24 13:02:24","2025-06-24 13:02:24"
420,35,"Excursió a la muntanya",NULL,aventura,165,NULL,NULL,6,1,"2025-06-24 13:02:24","2025-06-24 13:02:24"
421,35,"Taller de cuina catalana","Descobreix la cultura i la història de la zona.",cultura,NULL,NULL,NULL,NULL,1,"2025-06-24 13:02:24","2025-06-24 13:02:24"
422,35,"Visita a cellers","Ideal per a famílies i grups d'amics.",aventura,107,133.31,NULL,NULL,1,"2025-06-24 13:02:24","2025-06-24 13:02:24"
423,35,"Jocs de taula",NULL,gastronomia,52,NULL,NULL,NULL,1,"2025-06-24 13:02:24","2025-06-24 13:02:24"
424,35,"Passeig a cavall",NULL,aventura,NULL,NULL,NULL,NULL,1,"2025-06-24 13:02:24","2025-06-24 13:02:24"
425,35,"Cata de vins",NULL,cultura,NULL,47.70,NULL,3,1,"2025-06-24 13:02:24","2025-06-24 13:02:24"
426,35,"Visita guiada al museu","Per a principiants i experts.",esport,107,NULL,38,15,1,"2025-06-24 13:02:24","2025-06-24 13:02:24"
427,35,"Taller de ceràmica",NULL,aventura,77,7.79,NULL,5,1,"2025-06-24 13:02:24","2025-06-24 13:02:24"
428,36,"Ioga a la platja","Ideal per a famílies i grups d'amics.",esport,NULL,138.54,86,NULL,0,"2025-06-24 13:02:24","2025-06-24 13:02:24"
429,36,"Excursió a la muntanya",NULL,esport,40,NULL,NULL,NULL,0,"2025-06-24 13:02:24","2025-06-24 13:02:24"
430,36,"Visita guiada al museu",NULL,relax,185,NULL,NULL,NULL,0,"2025-06-24 13:02:24","2025-06-24 13:02:24"
431,36,"Taller de fotografia",NULL,cultura,170,121.43,44,7,0,"2025-06-24 13:02:24","2025-06-24 13:02:24"
432,36,"Gimcana cultural","Ideal per a famílies i grups d'amics.",esport,127,171.10,14,NULL,0,"2025-06-24 13:02:24","2025-06-24 13:02:24"
433,36,"Observació d'estrelles","Per a principiants i experts.",aventura,267,105.30,37,NULL,0,"2025-06-24 13:02:24","2025-06-24 13:02:24"
434,36,"Cata de vins",NULL,aventura,NULL,NULL,83,NULL,1,"2025-06-24 13:02:24","2025-06-24 13:02:24"
435,36,"Escape room",NULL,esport,191,NULL,NULL,NULL,0,"2025-06-24 13:02:24","2025-06-24 13:02:24"
436,36,"Sortida en bicicleta","Places limitades, reserva prèvia necessària.",gastronomia,284,NULL,82,NULL,1,"2025-06-24 13:02:24","2025-06-24 13:02:24"
437,36,"Taller de cuina catalana",NULL,esport,211,180.61,NULL,NULL,0,"2025-06-24 13:02:24","2025-06-24 13:02:24"
438,36,"Jocs de taula","Ideal per a famílies i grups d'amics.",cultura,107,NULL,89,15,0,"2025-06-24 13:02:24","2025-06-24 13:02:24"
439,36,"Taller de pintura","Places limitades, reserva prèvia necessària.",relax,158,NULL,81,NULL,1,"2025-06-24 13:02:24","2025-06-24 13:02:24"
440,37,"Escape room","Descobreix la cultura i la història de la zona.",cultura,NULL,NULL,55,8,0,"2025-06-24 13:02:24","2025-06-24 13:02:24"
441,37,"Excursió a la muntanya",NULL,aventura,146,NULL,NULL,6,0,"2025-06-24 13:02:24","2025-06-24 13:02:24"
442,37,"Taller de ceràmica",NULL,relax,NULL,NULL,17,14,1,"2025-06-24 13:02:24","2025-06-24 13:02:24"
443,37,"Torneig de pàdel",NULL,gastronomia,NULL,NULL,NULL,14,1,"2025-06-24 13:02:24","2025-06-24 13:02:24"
444,37,"Sortida en bicicleta","Places limitades, reserva prèvia necessària.",esport,NULL,NULL,NULL,2,0,"2025-06-24 13:02:24","2025-06-24 13:02:24"
445,37,"Visita guiada al museu","Ideal per a famílies i grups d'amics.",esport,75,61.57,70,13,1,"2025-06-24 13:02:24","2025-06-24 13:02:24"
446,38,"Taller de pintura",NULL,esport,161,96.31,62,13,1,"2025-06-24 13:02:24","2025-06-24 13:02:24"
447,38,"Visita a cellers","Activitat a l'aire lliure per a totes les edats.",relax,NULL,NULL,NULL,NULL,1,"2025-06-24 13:02:24","2025-06-24 13:02:24"
448,38,"Observació d'estrelles",NULL,relax,NULL,NULL,NULL,NULL,1,"2025-06-24 13:02:24","2025-06-24 13:02:24"
449,38,"Passeig a cavall",NULL,gastronomia,NULL,177.15,NULL,NULL,0,"2025-06-24 13:02:24","2025-06-24 13:02:24"
450,38,"Taller de dansa",NULL,aventura,46,24.69,61,15,1,"2025-06-24 13:02:24","2025-06-24 13:02:24"
451,38,"Escape room","Activitat per gaudir de la natura i l'entorn.",esport,64,NULL,NULL,7,1,"2025-06-24 13:02:24","2025-06-24 13:02:24"
452,38,"Cata de vins",NULL,relax,NULL,121.14,NULL,NULL,0,"2025-06-24 13:02:24","2025-06-24 13:02:24"
453,38,"Jocs de taula","Activitat relaxant i saludable.",gastronomia,166,112.75,25,NULL,1,"2025-06-24 13:02:24","2025-06-24 13:02:24"
454,38,"Visita guiada al museu","Places limitades, reserva prèvia necessària.",gastronomia,289,NULL,NULL,NULL,0,"2025-06-24 13:02:24","2025-06-24 13:02:24"
455,38,"Taller de ceràmica","Amb monitors especialitzats i material inclòs.",relax,155,NULL,NULL,NULL,0,"2025-06-24 13:02:24","2025-06-24 13:02:24"
456,38,"Sortida en bicicleta",NULL,esport,210,134.04,52,16,1,"2025-06-24 13:02:24","2025-06-24 13:02:24"
457,38,"Taller de fotografia",NULL,aventura,42,NULL,NULL,8,1,"2025-06-24 13:02:24","2025-06-24 13:02:24"
458,38,"Excursió a la muntanya","Descobreix la cultura i la història de la zona.",gastronomia,121,NULL,68,16,0,"2025-06-24 13:02:24","2025-06-24 13:02:24"
459,39,"Taller de pintura","Activitat relaxant i saludable.",cultura,NULL,157.50,NULL,NULL,1,"2025-06-24 13:02:24","2025-06-24 13:02:24"
460,39,"Sortida en bicicleta",NULL,relax,NULL,165.95,14,NULL,1,"2025-06-24 13:02:24","2025-06-24 13:02:24"
461,39,"Cata de vins","Activitat a l'aire lliure per a totes les edats.",gastronomia,39,1.97,NULL,NULL,1,"2025-06-24 13:02:24","2025-06-24 13:02:24"
462,39,"Passeig a cavall",NULL,aventura,NULL,NULL,NULL,NULL,1,"2025-06-24 13:02:24","2025-06-24 13:02:24"
463,39,"Sortida en caiac",NULL,gastronomia,254,177.57,63,NULL,0,"2025-06-24 13:02:24","2025-06-24 13:02:24"
464,39,"Visita a cellers",NULL,relax,NULL,30.66,30,10,0,"2025-06-24 13:02:24","2025-06-24 13:02:24"
465,39,"Excursió a la muntanya",NULL,cultura,156,NULL,NULL,NULL,0,"2025-06-24 13:02:24","2025-06-24 13:02:24"
466,39,"Escape room","Activitat relaxant i saludable.",aventura,NULL,62.28,64,NULL,1,"2025-06-24 13:02:24","2025-06-24 13:02:24"
467,39,"Taller de cuina catalana","Per a principiants i experts.",aventura,NULL,NULL,47,11,0,"2025-06-24 13:02:24","2025-06-24 13:02:24"
468,39,"Observació d'estrelles",NULL,relax,74,NULL,24,10,1,"2025-06-24 13:02:24","2025-06-24 13:02:24"
469,39,"Torneig de pàdel",NULL,gastronomia,97,NULL,11,NULL,0,"2025-06-24 13:02:24","2025-06-24 13:02:24"
470,39,"Taller de ceràmica","Amb monitors especialitzats i material inclòs.",cultura,247,NULL,NULL,8,1,"2025-06-24 13:02:24","2025-06-24 13:02:24"
471,39,"Cinema a la fresca","Inclou degustació de productes locals.",gastronomia,239,NULL,NULL,14,1,"2025-06-24 13:02:24","2025-06-24 13:02:24"
472,39,"Gimcana cultural","Amb premi per als guanyadors.",relax,NULL,NULL,NULL,8,1,"2025-06-24 13:02:24","2025-06-24 13:02:24"
473,39,"Ioga a la platja",NULL,aventura,NULL,153.74,18,NULL,0,"2025-06-24 13:02:24","2025-06-24 13:02:24"
474,39,"Taller de dansa",NULL,aventura,65,NULL,NULL,NULL,1,"2025-06-24 13:02:24","2025-06-24 13:02:24"
475,39,"Ruta de senderisme","Activitat relaxant i saludable.",relax,NULL,NULL,NULL,8,1,"2025-06-24 13:02:24","2025-06-24 13:02:24"
476,40,"Taller de fotografia","Activitat relaxant i saludable.",gastronomia,NULL,NULL,79,5,1,"2025-06-24 13:02:24","2025-06-24 13:02:24"
477,40,"Taller de pintura","Activitat relaxant i saludable.",esport,NULL,89.63,43,NULL,0,"2025-06-24 13:02:24","2025-06-24 13:02:24"
478,40,"Taller de dansa",NULL,aventura,NULL,126.36,86,NULL,0,"2025-06-24 13:02:24","2025-06-24 13:02:24"
479,40,"Taller de ceràmica","Activitat a l'aire lliure per a totes les edats.",relax,90,NULL,NULL,NULL,0,"2025-06-24 13:02:24","2025-06-24 13:02:24"
480,40,"Visita a cellers",NULL,relax,NULL,NULL,NULL,6,0,"2025-06-24 13:02:24","2025-06-24 13:02:24"
481,40,"Jocs de taula",NULL,aventura,NULL,79.99,21,NULL,0,"2025-06-24 13:02:24","2025-06-24 13:02:24"
482,40,"Cata de vins","Inclou degustació de productes locals.",aventura,NULL,115.77,NULL,NULL,1,"2025-06-24 13:02:24","2025-06-24 13:02:24"
483,40,"Sortida en caiac",NULL,relax,NULL,118.72,NULL,6,0,"2025-06-24 13:02:24","2025-06-24 13:02:24"
484,40,"Visita guiada al museu",NULL,cultura,74,NULL,NULL,NULL,0,"2025-06-24 13:02:24","2025-06-24 13:02:24"
485,40,"Gimcana cultural",NULL,gastronomia,175,43.32,53,17,0,"2025-06-24 13:02:24","2025-06-24 13:02:24"
486,41,"Passeig a cavall","Per a principiants i experts.",cultura,NULL,177.01,NULL,8,1,"2025-06-24 13:02:24","2025-06-24 13:02:24"
487,41,"Visita guiada al museu",NULL,aventura,NULL,158.36,NULL,3,0,"2025-06-24 13:02:24","2025-06-24 13:02:24"
488,41,"Sortida en caiac",NULL,gastronomia,237,NULL,NULL,NULL,0,"2025-06-24 13:02:24","2025-06-24 13:02:24"
489,41,"Torneig de pàdel",NULL,aventura,NULL,103.93,NULL,NULL,1,"2025-06-24 13:02:24","2025-06-24 13:02:24"
490,41,"Taller de dansa","Descobreix la cultura i la història de la zona.",relax,NULL,NULL,54,5,1,"2025-06-24 13:02:24","2025-06-24 13:02:24"
491,41,"Cata de vins","Ideal per a famílies i grups d'amics.",relax,NULL,139.95,63,6,0,"2025-06-24 13:02:24","2025-06-24 13:02:24"
492,41,"Ruta de senderisme","Inclou degustació de productes locals.",aventura,NULL,153.90,NULL,NULL,1,"2025-06-24 13:02:24","2025-06-24 13:02:24"
493,41,"Taller de fotografia",NULL,esport,270,164.55,34,6,1,"2025-06-24 13:02:24","2025-06-24 13:02:24"
494,41,"Ioga a la platja","Ideal per a famílies i grups d'amics.",aventura,NULL,123.52,51,NULL,0,"2025-06-24 13:02:24","2025-06-24 13:02:24"
495,41,"Excursió a la muntanya","Activitat a l'aire lliure per a totes les edats.",aventura,241,186.76,NULL,NULL,0,"2025-06-24 13:02:24","2025-06-24 13:02:24"
496,42,"Ruta de senderisme",NULL,cultura,289,114.18,NULL,9,1,"2025-06-24 13:02:24","2025-06-24 13:02:24"
497,42,"Taller de cuina catalana","Amb premi per als guanyadors.",gastronomia,NULL,167.13,29,6,0,"2025-06-24 13:02:24","2025-06-24 13:02:24"
498,42,"Cinema a la fresca","Per a principiants i experts.",cultura,186,NULL,93,NULL,0,"2025-06-24 13:02:24","2025-06-24 13:02:24"
499,42,"Visita a cellers","Activitat relaxant i saludable.",relax,NULL,NULL,NULL,10,1,"2025-06-24 13:02:24","2025-06-24 13:02:24"
500,42,"Passeig a cavall","Activitat a l'aire lliure per a totes les edats.",esport,45,126.93,16,NULL,1,"2025-06-24 13:02:24","2025-06-24 13:02:24"
501,42,"Gimcana cultural","Amb premi per als guanyadors.",relax,135,152.27,NULL,NULL,1,"2025-06-24 13:02:24","2025-06-24 13:02:24"
502,42,"Ioga a la platja",NULL,relax,NULL,NULL,NULL,NULL,0,"2025-06-24 13:02:24","2025-06-24 13:02:24"
503,42,"Torneig de pàdel","Activitat relaxant i saludable.",relax,NULL,82.52,62,NULL,0,"2025-06-24 13:02:24","2025-06-24 13:02:24"
504,42,"Observació d'estrelles","Inclou degustació de productes locals.",aventura,NULL,NULL,NULL,9,1,"2025-06-24 13:02:24","2025-06-24 13:02:24"
505,42,"Taller de fotografia","Activitat a l'aire lliure per a totes les edats.",gastronomia,131,76.51,NULL,14,0,"2025-06-24 13:02:24","2025-06-24 13:02:24"
506,42,"Excursió a la muntanya","Activitat a l'aire lliure per a totes les edats.",esport,NULL,192.37,10,10,0,"2025-06-24 13:02:24","2025-06-24 13:02:24"
507,42,"Jocs de taula","Amb premi per als guanyadors.",esport,NULL,34.92,53,NULL,1,"2025-06-24 13:02:24","2025-06-24 13:02:24"
508,42,"Taller de pintura",NULL,gastronomia,136,179.77,NULL,1,1,"2025-06-24 13:02:24","2025-06-24 13:02:24"
509,43,"Escape room",NULL,esport,NULL,164.14,NULL,NULL,0,"2025-06-24 13:02:25","2025-06-24 13:02:25"
510,43,"Ruta de senderisme",NULL,cultura,NULL,96.39,11,NULL,1,"2025-06-24 13:02:25","2025-06-24 13:02:25"
511,43,"Excursió a la muntanya",NULL,cultura,NULL,NULL,58,12,0,"2025-06-24 13:02:25","2025-06-24 13:02:25"
512,43,"Observació d'estrelles",NULL,esport,247,76.54,NULL,NULL,1,"2025-06-24 13:02:25","2025-06-24 13:02:25"
513,43,"Taller de dansa","Places limitades, reserva prèvia necessària.",aventura,188,NULL,7,5,1,"2025-06-24 13:02:25","2025-06-24 13:02:25"
514,43,"Visita a cellers",NULL,relax,NULL,93.94,NULL,NULL,1,"2025-06-24 13:02:25","2025-06-24 13:02:25"
515,43,"Taller de ceràmica",NULL,relax,42,NULL,NULL,NULL,0,"2025-06-24 13:02:25","2025-06-24 13:02:25"
516,43,"Torneig de pàdel",NULL,aventura,NULL,NULL,NULL,15,1,"2025-06-24 13:02:25","2025-06-24 13:02:25"
517,43,"Cata de vins","Activitat a l'aire lliure per a totes les edats.",esport,NULL,NULL,50,NULL,0,"2025-06-24 13:02:25","2025-06-24 13:02:25"
518,43,"Jocs de taula",NULL,gastronomia,NULL,NULL,NULL,8,0,"2025-06-24 13:02:25","2025-06-24 13:02:25"
519,43,"Ioga a la platja","Per a principiants i experts.",esport,NULL,NULL,NULL,NULL,0,"2025-06-24 13:02:25","2025-06-24 13:02:25"
520,43,"Visita guiada al museu",NULL,relax,155,NULL,NULL,13,0,"2025-06-24 13:02:25","2025-06-24 13:02:25"
521,43,"Passeig a cavall",NULL,esport,224,NULL,79,NULL,0,"2025-06-24 13:02:25","2025-06-24 13:02:25"
522,43,"Taller de pintura",NULL,cultura,155,NULL,23,NULL,1,"2025-06-24 13:02:25","2025-06-24 13:02:25"
523,43,"Taller de cuina catalana","Descobreix la cultura i la història de la zona.",aventura,NULL,NULL,62,NULL,0,"2025-06-24 13:02:25","2025-06-24 13:02:25"
524,43,"Cinema a la fresca","Activitat relaxant i saludable.",aventura,42,195.12,9,9,1,"2025-06-24 13:02:25","2025-06-24 13:02:25"
525,43,"Taller de fotografia",NULL,gastronomia,NULL,NULL,NULL,NULL,0,"2025-06-24 13:02:25","2025-06-24 13:02:25"
526,43,"Sortida en bicicleta",NULL,relax,73,NULL,NULL,NULL,1,"2025-06-24 13:02:25","2025-06-24 13:02:25"
527,44,"Ruta de senderisme","Descobreix la cultura i la història de la zona.",esport,NULL,NULL,NULL,NULL,1,"2025-06-24 13:02:25","2025-06-24 13:02:25"
528,44,"Observació d'estrelles","Per a principiants i experts.",esport,NULL,121.95,NULL,15,1,"2025-06-24 13:02:25","2025-06-24 13:02:25"
529,44,"Gimcana cultural","Descobreix la cultura i la història de la zona.",cultura,43,NULL,20,NULL,1,"2025-06-24 13:02:25","2025-06-24 13:02:25"
530,44,"Taller de cuina catalana",NULL,gastronomia,NULL,NULL,NULL,NULL,0,"2025-06-24 13:02:25","2025-06-24 13:02:25"
531,44,"Taller de fotografia",NULL,relax,NULL,NULL,NULL,NULL,1,"2025-06-24 13:02:25","2025-06-24 13:02:25"
532,44,"Sortida en caiac",NULL,aventura,101,20.49,66,NULL,1,"2025-06-24 13:02:25","2025-06-24 13:02:25"
533,44,"Passeig a cavall","Places limitades, reserva prèvia necessària.",relax,NULL,NULL,NULL,12,1,"2025-06-24 13:02:25","2025-06-24 13:02:25"
534,45,"Escape room",NULL,cultura,30,NULL,NULL,NULL,1,"2025-06-24 13:02:25","2025-06-24 13:02:25"
535,45,"Gimcana cultural","Activitat per gaudir de la natura i l'entorn.",relax,152,116.42,NULL,16,0,"2025-06-24 13:02:25","2025-06-24 13:02:25"
536,45,"Observació d'estrelles","Activitat relaxant i saludable.",cultura,NULL,NULL,53,11,1,"2025-06-24 13:02:25","2025-06-24 13:02:25"
537,45,"Cata de vins","Descobreix la cultura i la història de la zona.",esport,74,36.09,9,0,0,"2025-06-24 13:02:25","2025-06-24 13:02:25"
538,45,"Taller de fotografia","Activitat a l'aire lliure per a totes les edats.",esport,NULL,NULL,NULL,11,1,"2025-06-24 13:02:25","2025-06-24 13:02:25"
539,45,"Excursió a la muntanya",NULL,aventura,36,NULL,86,5,0,"2025-06-24 13:02:25","2025-06-24 13:02:25"
540,45,"Taller de cuina catalana",NULL,gastronomia,206,178.68,53,0,0,"2025-06-24 13:02:25","2025-06-24 13:02:25"
541,45,"Visita guiada al museu","Amb premi per als guanyadors.",gastronomia,67,183.72,NULL,NULL,0,"2025-06-24 13:02:25","2025-06-24 13:02:25"
542,45,"Taller de dansa",NULL,esport,134,NULL,51,13,1,"2025-06-24 13:02:25","2025-06-24 13:02:25"
543,45,"Ioga a la platja",NULL,aventura,NULL,NULL,63,10,0,"2025-06-24 13:02:25","2025-06-24 13:02:25"
544,46,"Torneig de pàdel","Inclou degustació de productes locals.",cultura,80,38.04,18,NULL,1,"2025-06-24 13:02:25","2025-06-24 13:02:25"
545,46,"Taller de pintura",NULL,aventura,NULL,NULL,NULL,NULL,1,"2025-06-24 13:02:25","2025-06-24 13:02:25"
546,46,"Cinema a la fresca","Activitat relaxant i saludable.",cultura,NULL,NULL,90,NULL,1,"2025-06-24 13:02:25","2025-06-24 13:02:25"
547,46,"Cata de vins","Activitat relaxant i saludable.",aventura,208,NULL,NULL,NULL,0,"2025-06-24 13:02:25","2025-06-24 13:02:25"
548,46,"Visita guiada al museu",NULL,aventura,NULL,97.26,84,NULL,1,"2025-06-24 13:02:25","2025-06-24 13:02:25"
549,46,"Ruta de senderisme","Per a principiants i experts.",esport,94,NULL,NULL,NULL,0,"2025-06-24 13:02:25","2025-06-24 13:02:25"
550,46,"Ioga a la platja",NULL,relax,130,NULL,84,10,0,"2025-06-24 13:02:25","2025-06-24 13:02:25"
551,46,"Visita a cellers",NULL,esport,193,NULL,NULL,6,0,"2025-06-24 13:02:25","2025-06-24 13:02:25"
552,46,"Excursió a la muntanya","Per a principiants i experts.",relax,NULL,NULL,28,14,1,"2025-06-24 13:02:25","2025-06-24 13:02:25"
553,46,"Taller de fotografia",NULL,aventura,164,NULL,NULL,2,1,"2025-06-24 13:02:25","2025-06-24 13:02:25"
554,47,"Visita guiada al museu","Descobreix la cultura i la història de la zona.",esport,NULL,127.39,NULL,NULL,1,"2025-06-24 13:02:25","2025-06-24 13:02:25"
555,47,"Excursió a la muntanya",NULL,cultura,157,NULL,6,NULL,1,"2025-06-24 13:02:25","2025-06-24 13:02:25"
556,47,"Cinema a la fresca",NULL,cultura,NULL,12.85,46,6,0,"2025-06-24 13:02:25","2025-06-24 13:02:25"
557,47,"Escape room",NULL,gastronomia,96,193.63,44,11,0,"2025-06-24 13:02:25","2025-06-24 13:02:25"
558,47,"Ruta de senderisme",NULL,aventura,NULL,NULL,NULL,NULL,1,"2025-06-24 13:02:25","2025-06-24 13:02:25"
559,47,"Gimcana cultural","Activitat per gaudir de la natura i l'entorn.",esport,122,107.03,83,NULL,0,"2025-06-24 13:02:25","2025-06-24 13:02:25"
560,47,"Passeig a cavall",NULL,cultura,261,NULL,NULL,NULL,0,"2025-06-24 13:02:25","2025-06-24 13:02:25"
561,47,"Visita a cellers","Places limitades, reserva prèvia necessària.",relax,235,71.38,NULL,NULL,0,"2025-06-24 13:02:25","2025-06-24 13:02:25"
562,47,"Sortida en bicicleta","Amb monitors especialitzats i material inclòs.",cultura,NULL,190.38,NULL,NULL,0,"2025-06-24 13:02:25","2025-06-24 13:02:25"
563,47,"Ioga a la platja",NULL,esport,169,NULL,42,NULL,0,"2025-06-24 13:02:25","2025-06-24 13:02:25"
564,47,"Jocs de taula",NULL,aventura,142,NULL,NULL,12,0,"2025-06-24 13:02:25","2025-06-24 13:02:25"
565,48,"Sortida en bicicleta",NULL,esport,128,NULL,NULL,7,1,"2025-06-24 13:02:25","2025-06-24 13:02:25"
566,48,"Ioga a la platja","Activitat relaxant i saludable.",esport,NULL,95.87,38,11,1,"2025-06-24 13:02:25","2025-06-24 13:02:25"
567,48,"Visita guiada al museu",NULL,relax,NULL,105.57,64,16,0,"2025-06-24 13:02:25","2025-06-24 13:02:25"
568,48,"Taller de pintura",NULL,gastronomia,253,NULL,NULL,15,1,"2025-06-24 13:02:25","2025-06-24 13:02:25"
569,49,"Passeig a cavall","Descobreix la cultura i la història de la zona.",aventura,NULL,NULL,51,5,1,"2025-06-24 13:02:25","2025-06-24 13:02:25"
570,49,"Taller de pintura","Inclou degustació de productes locals.",cultura,245,NULL,78,14,1,"2025-06-24 13:02:25","2025-06-24 13:02:25"
571,49,"Ioga a la platja",NULL,esport,64,NULL,NULL,NULL,1,"2025-06-24 13:02:25","2025-06-24 13:02:25"
572,49,"Sortida en caiac","Activitat a l'aire lliure per a totes les edats.",esport,107,52.89,NULL,NULL,1,"2025-06-24 13:02:25","2025-06-24 13:02:25"
573,49,"Taller de cuina catalana",NULL,relax,NULL,NULL,NULL,11,1,"2025-06-24 13:02:25","2025-06-24 13:02:25"
574,49,"Taller de ceràmica",NULL,relax,NULL,NULL,NULL,15,1,"2025-06-24 13:02:25","2025-06-24 13:02:25"
575,49,"Sortida en bicicleta",NULL,cultura,261,80.24,NULL,10,0,"2025-06-24 13:02:25","2025-06-24 13:02:25"
576,49,"Visita guiada al museu",NULL,aventura,61,34.78,51,7,0,"2025-06-24 13:02:25","2025-06-24 13:02:25"
577,49,"Escape room","Amb monitors especialitzats i material inclòs.",cultura,NULL,80.54,NULL,14,0,"2025-06-24 13:02:25","2025-06-24 13:02:25"
578,49,"Jocs de taula",NULL,relax,NULL,45.48,NULL,NULL,1,"2025-06-24 13:02:25","2025-06-24 13:02:25"
579,49,"Taller de fotografia",NULL,relax,NULL,NULL,NULL,12,1,"2025-06-24 13:02:25","2025-06-24 13:02:25"
580,49,"Cata de vins",NULL,relax,155,NULL,43,2,1,"2025-06-24 13:02:25","2025-06-24 13:02:25"
581,49,"Observació d'estrelles","Per a principiants i experts.",cultura,231,135.10,NULL,9,1,"2025-06-24 13:02:25","2025-06-24 13:02:25"
582,49,"Gimcana cultural","Activitat a l'aire lliure per a totes les edats.",esport,NULL,NULL,86,5,1,"2025-06-24 13:02:25","2025-06-24 13:02:25"
583,49,"Visita a cellers",NULL,esport,38,7.09,NULL,NULL,0,"2025-06-24 13:02:25","2025-06-24 13:02:25"
584,49,"Cinema a la fresca","Descobreix la cultura i la història de la zona.",aventura,NULL,30.72,17,16,0,"2025-06-24 13:02:25","2025-06-24 13:02:25"
585,49,"Ruta de senderisme",NULL,cultura,162,51.35,NULL,10,1,"2025-06-24 13:02:25","2025-06-24 13:02:25"
586,50,"Taller de dansa",NULL,relax,195,NULL,74,NULL,0,"2025-06-24 13:02:25","2025-06-24 13:02:25"
587,50,"Sortida en caiac",NULL,relax,NULL,38.48,NULL,NULL,0,"2025-06-24 13:02:25","2025-06-24 13:02:25"
588,50,"Cinema a la fresca","Ideal per a famílies i grups d'amics.",gastronomia,108,9.63,58,1,0,"2025-06-24 13:02:25","2025-06-24 13:02:25"
589,50,"Cata de vins","Places limitades, reserva prèvia necessària.",gastronomia,NULL,NULL,NULL,4,0,"2025-06-24 13:02:25","2025-06-24 13:02:25"
590,51,"Excursió a la muntanya","Ideal per a famílies i grups d'amics.",aventura,61,NULL,NULL,7,0,"2025-06-24 13:02:25","2025-06-24 13:02:25"
591,51,"Cinema a la fresca","Activitat a l'aire lliure per a totes les edats.",relax,NULL,169.34,58,5,1,"2025-06-24 13:02:25","2025-06-24 13:02:25"
592,51,"Escape room",NULL,aventura,112,NULL,48,NULL,1,"2025-06-24 13:02:25","2025-06-24 13:02:25"
593,51,"Taller de ceràmica","Per a principiants i experts.",aventura,150,148.55,NULL,NULL,0,"2025-06-24 13:02:25","2025-06-24 13:02:25"
594,51,"Torneig de pàdel",NULL,relax,226,9.54,NULL,8,1,"2025-06-24 13:02:25","2025-06-24 13:02:25"
595,51,"Taller de cuina catalana","Places limitades, reserva prèvia necessària.",gastronomia,149,NULL,28,9,1,"2025-06-24 13:02:25","2025-06-24 13:02:25"
596,51,"Ruta de senderisme","Descobreix la cultura i la història de la zona.",relax,175,70.24,NULL,NULL,1,"2025-06-24 13:02:25","2025-06-24 13:02:25"
597,51,"Visita a cellers","Amb monitors especialitzats i material inclòs.",esport,NULL,108.29,NULL,0,1,"2025-06-24 13:02:25","2025-06-24 13:02:25"
598,51,"Gimcana cultural","Amb monitors especialitzats i material inclòs.",aventura,NULL,64.79,36,NULL,1,"2025-06-24 13:02:25","2025-06-24 13:02:25"
599,51,"Observació d'estrelles",NULL,cultura,260,NULL,NULL,NULL,1,"2025-06-24 13:02:25","2025-06-24 13:02:25"
600,51,"Sortida en bicicleta","Inclou degustació de productes locals.",relax,NULL,162.72,11,12,1,"2025-06-24 13:02:25","2025-06-24 13:02:25"
601,51,"Taller de fotografia","Amb monitors especialitzats i material inclòs.",relax,112,177.95,29,12,0,"2025-06-24 13:02:25","2025-06-24 13:02:25"
602,51,"Visita guiada al museu",NULL,cultura,62,58.14,46,NULL,0,"2025-06-24 13:02:25","2025-06-24 13:02:25"
603,51,"Ioga a la platja","Amb monitors especialitzats i material inclòs.",esport,NULL,29.50,32,NULL,0,"2025-06-24 13:02:25","2025-06-24 13:02:25"
604,51,"Taller de dansa","Amb premi per als guanyadors.",gastronomia,188,84.46,75,17,0,"2025-06-24 13:02:25","2025-06-24 13:02:25"
605,51,"Passeig a cavall",NULL,relax,246,11.79,NULL,14,0,"2025-06-24 13:02:25","2025-06-24 13:02:25"
606,51,"Cata de vins","Descobreix la cultura i la història de la zona.",gastronomia,254,NULL,61,5,0,"2025-06-24 13:02:25","2025-06-24 13:02:25"
607,52,"Torneig de pàdel",NULL,relax,125,NULL,NULL,NULL,0,"2025-06-24 13:02:25","2025-06-24 13:02:25"
608,52,"Taller de cuina catalana",NULL,relax,NULL,156.88,62,5,0,"2025-06-24 13:02:25","2025-06-24 13:02:25"
609,52,"Sortida en caiac",NULL,relax,NULL,115.61,NULL,4,0,"2025-06-24 13:02:25","2025-06-24 13:02:25"
610,52,"Passeig a cavall",NULL,cultura,234,NULL,89,NULL,1,"2025-06-24 13:02:25","2025-06-24 13:02:25"
611,52,"Ioga a la platja","Amb premi per als guanyadors.",esport,79,NULL,NULL,NULL,1,"2025-06-24 13:02:25","2025-06-24 13:02:25"
612,52,"Taller de fotografia",NULL,aventura,NULL,10.71,19,16,0,"2025-06-24 13:02:25","2025-06-24 13:02:25"
613,52,"Escape room","Inclou degustació de productes locals.",aventura,NULL,33.64,69,8,1,"2025-06-24 13:02:25","2025-06-24 13:02:25"
614,52,"Visita guiada al museu","Ideal per a famílies i grups d'amics.",gastronomia,101,187.89,88,NULL,1,"2025-06-24 13:02:25","2025-06-24 13:02:25"
615,52,"Jocs de taula","Amb premi per als guanyadors.",relax,197,NULL,NULL,5,1,"2025-06-24 13:02:25","2025-06-24 13:02:25"
616,52,"Taller de pintura",NULL,relax,NULL,NULL,NULL,NULL,1,"2025-06-24 13:02:25","2025-06-24 13:02:25"
617,52,"Gimcana cultural","Amb premi per als guanyadors.",aventura,116,NULL,NULL,NULL,1,"2025-06-24 13:02:25","2025-06-24 13:02:25"
618,52,"Taller de ceràmica","Activitat relaxant i saludable.",esport,279,NULL,NULL,1,0,"2025-06-24 13:02:25","2025-06-24 13:02:25"
619,52,"Cata de vins","Places limitades, reserva prèvia necessària.",aventura,41,31.71,NULL,0,1,"2025-06-24 13:02:25","2025-06-24 13:02:25"
620,53,"Ioga a la platja",NULL,relax,166,NULL,38,3,0,"2025-06-24 13:02:25","2025-06-24 13:02:25"
621,53,"Jocs de taula",NULL,esport,267,NULL,NULL,1,1,"2025-06-24 13:02:25","2025-06-24 13:02:25"
622,53,"Sortida en bicicleta",NULL,gastronomia,NULL,44.21,60,4,0,"2025-06-24 13:02:25","2025-06-24 13:02:25"
623,53,"Ruta de senderisme",NULL,esport,93,NULL,5,16,1,"2025-06-24 13:02:25","2025-06-24 13:02:25"
624,53,"Gimcana cultural",NULL,esport,NULL,NULL,61,10,1,"2025-06-24 13:02:25","2025-06-24 13:02:25"
625,53,"Taller de fotografia",NULL,esport,NULL,NULL,NULL,2,0,"2025-06-24 13:02:25","2025-06-24 13:02:25"
626,53,"Visita guiada al museu",NULL,cultura,NULL,NULL,14,12,0,"2025-06-24 13:02:25","2025-06-24 13:02:25"
627,53,"Cata de vins","Descobreix la cultura i la història de la zona.",esport,226,9.67,31,NULL,0,"2025-06-24 13:02:25","2025-06-24 13:02:25"
628,53,"Observació d'estrelles","Activitat relaxant i saludable.",esport,NULL,NULL,64,4,0,"2025-06-24 13:02:25","2025-06-24 13:02:25"
629,54,"Taller de fotografia","Activitat a l'aire lliure per a totes les edats.",cultura,248,178.82,72,NULL,0,"2025-06-24 13:02:25","2025-06-24 13:02:25"
630,54,"Ruta de senderisme","Ideal per a famílies i grups d'amics.",relax,228,NULL,17,0,1,"2025-06-24 13:02:25","2025-06-24 13:02:25"
631,55,"Taller de ceràmica",NULL,esport,NULL,NULL,10,NULL,1,"2025-06-24 13:02:25","2025-06-24 13:02:25"
632,55,"Jocs de taula","Ideal per a famílies i grups d'amics.",aventura,NULL,NULL,81,8,0,"2025-06-24 13:02:25","2025-06-24 13:02:25"
633,55,"Taller de fotografia",NULL,aventura,NULL,0.50,NULL,NULL,0,"2025-06-24 13:02:25","2025-06-24 13:02:25"
634,55,"Passeig a cavall","Inclou degustació de productes locals.",gastronomia,NULL,135.55,5,NULL,0,"2025-06-24 13:02:25","2025-06-24 13:02:25"
635,55,"Visita guiada al museu",NULL,esport,NULL,NULL,NULL,14,1,"2025-06-24 13:02:25","2025-06-24 13:02:25"
636,55,"Taller de cuina catalana","Descobreix la cultura i la història de la zona.",aventura,226,NULL,32,14,1,"2025-06-24 13:02:25","2025-06-24 13:02:25"
637,55,"Ruta de senderisme",NULL,esport,73,134.24,NULL,NULL,1,"2025-06-24 13:02:25","2025-06-24 13:02:25"
638,55,"Cinema a la fresca","Inclou degustació de productes locals.",relax,NULL,140.77,55,NULL,0,"2025-06-24 13:02:25","2025-06-24 13:02:25"
639,56,"Escape room",NULL,relax,248,NULL,7,3,1,"2025-06-24 13:02:25","2025-06-24 13:02:25"
640,56,"Ruta de senderisme","Inclou degustació de productes locals.",gastronomia,207,102.52,NULL,NULL,1,"2025-06-24 13:02:25","2025-06-24 13:02:25"
641,56,"Taller de pintura",NULL,relax,154,44.96,26,13,1,"2025-06-24 13:02:25","2025-06-24 13:02:25"
642,56,"Taller de cuina catalana","Amb monitors especialitzats i material inclòs.",relax,270,NULL,88,8,0,"2025-06-24 13:02:25","2025-06-24 13:02:25"
643,56,"Observació d'estrelles","Ideal per a famílies i grups d'amics.",cultura,147,125.19,NULL,NULL,1,"2025-06-24 13:02:25","2025-06-24 13:02:25"
644,56,"Taller de fotografia","Inclou degustació de productes locals.",cultura,219,123.94,NULL,3,1,"2025-06-24 13:02:25","2025-06-24 13:02:25"
645,56,"Torneig de pàdel",NULL,relax,37,48.01,23,3,0,"2025-06-24 13:02:25","2025-06-24 13:02:25"
646,56,"Visita a cellers","Places limitades, reserva prèvia necessària.",esport,43,NULL,NULL,NULL,1,"2025-06-24 13:02:25","2025-06-24 13:02:25"
647,56,"Excursió a la muntanya",NULL,esport,NULL,NULL,NULL,NULL,1,"2025-06-24 13:02:25","2025-06-24 13:02:25"
648,56,"Sortida en caiac",NULL,gastronomia,NULL,NULL,NULL,2,1,"2025-06-24 13:02:25","2025-06-24 13:02:25"
649,57,"Cata de vins","Amb premi per als guanyadors.",gastronomia,NULL,NULL,14,NULL,1,"2025-06-24 13:02:25","2025-06-24 13:02:25"
650,57,"Torneig de pàdel","Places limitades, reserva prèvia necessària.",relax,NULL,NULL,NULL,NULL,1,"2025-06-24 13:02:25","2025-06-24 13:02:25"
651,57,"Ruta de senderisme","Activitat relaxant i saludable.",aventura,100,111.88,19,14,1,"2025-06-24 13:02:25","2025-06-24 13:02:25"
652,57,"Excursió a la muntanya",NULL,cultura,212,NULL,NULL,7,0,"2025-06-24 13:02:25","2025-06-24 13:02:25"
653,57,"Ioga a la platja","Places limitades, reserva prèvia necessària.",relax,219,101.15,48,NULL,1,"2025-06-24 13:02:25","2025-06-24 13:02:25"
654,57,"Taller de fotografia",NULL,relax,271,155.99,NULL,NULL,1,"2025-06-24 13:02:25","2025-06-24 13:02:25"
655,57,"Escape room",NULL,gastronomia,NULL,NULL,NULL,NULL,1,"2025-06-24 13:02:25","2025-06-24 13:02:25"
656,57,"Taller de pintura","Amb monitors especialitzats i material inclòs.",relax,NULL,NULL,NULL,15,1,"2025-06-24 13:02:25","2025-06-24 13:02:25"
657,57,"Cinema a la fresca",NULL,relax,NULL,24.00,NULL,7,0,"2025-06-24 13:02:25","2025-06-24 13:02:25"
658,57,"Visita a cellers","Amb premi per als guanyadors.",gastronomia,NULL,16.93,NULL,12,0,"2025-06-24 13:02:25","2025-06-24 13:02:25"
659,58,"Visita a cellers","Descobreix la cultura i la història de la zona.",esport,NULL,NULL,51,NULL,0,"2025-06-24 13:02:25","2025-06-24 13:02:25"
660,58,"Gimcana cultural","Amb premi per als guanyadors.",gastronomia,276,NULL,69,NULL,0,"2025-06-24 13:02:25","2025-06-24 13:02:25"
661,58,"Escape room",NULL,gastronomia,79,NULL,84,13,1,"2025-06-24 13:02:25","2025-06-24 13:02:25"
662,58,"Taller de dansa","Places limitades, reserva prèvia necessària.",gastronomia,112,122.85,51,4,1,"2025-06-24 13:02:25","2025-06-24 13:02:25"
663,58,"Cata de vins",NULL,cultura,284,187.23,NULL,NULL,1,"2025-06-24 13:02:25","2025-06-24 13:02:25"
664,58,"Taller de cuina catalana","Amb monitors especialitzats i material inclòs.",relax,NULL,NULL,NULL,2,0,"2025-06-24 13:02:25","2025-06-24 13:02:25"
665,58,"Sortida en caiac",NULL,cultura,130,167.26,NULL,NULL,0,"2025-06-24 13:02:25","2025-06-24 13:02:25"
666,59,"Torneig de pàdel",NULL,gastronomia,NULL,15.29,NULL,13,0,"2025-06-24 13:02:25","2025-06-24 13:02:25"
667,59,"Observació d'estrelles",NULL,aventura,184,128.80,44,NULL,1,"2025-06-24 13:02:25","2025-06-24 13:02:25"
668,59,"Sortida en caiac",NULL,gastronomia,NULL,NULL,NULL,16,1,"2025-06-24 13:02:25","2025-06-24 13:02:25"
669,59,"Cinema a la fresca","Activitat a l'aire lliure per a totes les edats.",gastronomia,216,119.31,72,NULL,0,"2025-06-24 13:02:25","2025-06-24 13:02:25"
670,59,"Taller de cuina catalana","Per a principiants i experts.",esport,NULL,45.97,90,14,0,"2025-06-24 13:02:25","2025-06-24 13:02:25"
671,59,"Gimcana cultural","Descobreix la cultura i la història de la zona.",esport,208,NULL,24,1,1,"2025-06-24 13:02:25","2025-06-24 13:02:25"
672,59,"Escape room","Activitat a l'aire lliure per a totes les edats.",relax,NULL,NULL,NULL,NULL,0,"2025-06-24 13:02:25","2025-06-24 13:02:25"
673,59,"Jocs de taula","Places limitades, reserva prèvia necessària.",aventura,34,6.07,NULL,NULL,1,"2025-06-24 13:02:25","2025-06-24 13:02:25"
674,59,"Sortida en bicicleta",NULL,relax,145,141.58,57,NULL,1,"2025-06-24 13:02:25","2025-06-24 13:02:25"
675,59,"Ruta de senderisme",NULL,esport,214,NULL,NULL,NULL,1,"2025-06-24 13:02:25","2025-06-24 13:02:25"
676,59,"Ioga a la platja","Ideal per a famílies i grups d'amics.",gastronomia,112,NULL,32,11,0,"2025-06-24 13:02:25","2025-06-24 13:02:25"
677,59,"Visita guiada al museu",NULL,relax,257,74.83,NULL,1,0,"2025-06-24 13:02:25","2025-06-24 13:02:25"
678,59,"Taller de pintura","Inclou degustació de productes locals.",esport,50,NULL,31,NULL,1,"2025-06-24 13:02:25","2025-06-24 13:02:25"
679,59,"Visita a cellers",NULL,aventura,NULL,NULL,22,NULL,1,"2025-06-24 13:02:25","2025-06-24 13:02:25"
680,59,"Taller de dansa","Amb premi per als guanyadors.",esport,204,62.98,77,13,0,"2025-06-24 13:02:25","2025-06-24 13:02:25"
681,59,"Passeig a cavall",NULL,relax,NULL,160.13,60,NULL,0,"2025-06-24 13:02:25","2025-06-24 13:02:25"
682,60,"Ioga a la platja",NULL,esport,NULL,177.94,NULL,NULL,1,"2025-06-24 13:02:25","2025-06-24 13:02:25"
683,60,"Observació d'estrelles",NULL,aventura,NULL,128.13,NULL,NULL,1,"2025-06-24 13:02:25","2025-06-24 13:02:25"
684,60,"Taller de dansa","Inclou degustació de productes locals.",gastronomia,NULL,NULL,NULL,NULL,0,"2025-06-24 13:02:25","2025-06-24 13:02:25"
685,60,"Sortida en bicicleta",NULL,relax,NULL,142.06,43,NULL,1,"2025-06-24 13:02:25","2025-06-24 13:02:25"
686,60,"Excursió a la muntanya",NULL,relax,NULL,154.49,NULL,5,0,"2025-06-24 13:02:25","2025-06-24 13:02:25"
687,60,"Gimcana cultural",NULL,aventura,NULL,NULL,44,NULL,0,"2025-06-24 13:02:25","2025-06-24 13:02:25"
688,60,"Escape room",NULL,gastronomia,NULL,NULL,NULL,NULL,0,"2025-06-24 13:02:25","2025-06-24 13:02:25"
689,60,"Taller de ceràmica",NULL,aventura,NULL,106.81,NULL,NULL,1,"2025-06-24 13:02:25","2025-06-24 13:02:25"
690,60,"Taller de pintura","Activitat a l'aire lliure per a totes les edats.",relax,117,NULL,24,NULL,1,"2025-06-24 13:02:25","2025-06-24 13:02:25"
691,60,"Ruta de senderisme",NULL,cultura,NULL,NULL,NULL,NULL,0,"2025-06-24 13:02:25","2025-06-24 13:02:25"
692,60,"Passeig a cavall","Activitat relaxant i saludable.",relax,NULL,92.25,42,NULL,0,"2025-06-24 13:02:25","2025-06-24 13:02:25"
693,60,"Visita guiada al museu",NULL,gastronomia,NULL,NULL,52,NULL,0,"2025-06-24 13:02:25","2025-06-24 13:02:25"
694,60,"Sortida en caiac","Per a principiants i experts.",relax,NULL,NULL,NULL,13,1,"2025-06-24 13:02:25","2025-06-24 13:02:25"
695,60,"Torneig de pàdel",NULL,esport,NULL,NULL,NULL,11,1,"2025-06-24 13:02:25","2025-06-24 13:02:25"
696,60,"Taller de fotografia","Activitat relaxant i saludable.",gastronomia,NULL,NULL,NULL,NULL,1,"2025-06-24 13:02:25","2025-06-24 13:02:25"
697,61,"Observació d'estrelles","Inclou degustació de productes locals.",cultura,60,137.57,NULL,8,0,"2025-06-24 13:02:25","2025-06-24 13:02:25"
698,61,"Taller de pintura",NULL,gastronomia,NULL,51.59,NULL,0,1,"2025-06-24 13:02:25","2025-06-24 13:02:25"
699,61,"Visita guiada al museu","Amb premi per als guanyadors.",cultura,NULL,NULL,NULL,NULL,0,"2025-06-24 13:02:25","2025-06-24 13:02:25"
700,61,"Gimcana cultural",NULL,esport,NULL,NULL,NULL,NULL,1,"2025-06-24 13:02:25","2025-06-24 13:02:25"
701,61,"Escape room",NULL,gastronomia,NULL,NULL,NULL,15,0,"2025-06-24 13:02:25","2025-06-24 13:02:25"
702,61,"Ruta de senderisme","Amb monitors especialitzats i material inclòs.",cultura,NULL,NULL,19,NULL,1,"2025-06-24 13:02:25","2025-06-24 13:02:25"
703,61,"Visita a cellers",NULL,gastronomia,112,160.54,NULL,15,1,"2025-06-24 13:02:25","2025-06-24 13:02:25"
704,61,"Jocs de taula",NULL,aventura,136,NULL,NULL,11,1,"2025-06-24 13:02:25","2025-06-24 13:02:25"
705,61,"Ioga a la platja","Ideal per a famílies i grups d'amics.",cultura,NULL,NULL,65,NULL,1,"2025-06-24 13:02:25","2025-06-24 13:02:25"
706,61,"Cata de vins","Inclou degustació de productes locals.",esport,30,195.01,NULL,0,1,"2025-06-24 13:02:25","2025-06-24 13:02:25"
707,61,"Sortida en bicicleta","Activitat a l'aire lliure per a totes les edats.",cultura,NULL,183.03,42,12,0,"2025-06-24 13:02:25","2025-06-24 13:02:25"
708,61,"Torneig de pàdel","Per a principiants i experts.",relax,NULL,NULL,41,NULL,1,"2025-06-24 13:02:25","2025-06-24 13:02:25"
709,61,"Cinema a la fresca","Amb premi per als guanyadors.",aventura,98,NULL,NULL,6,0,"2025-06-24 13:02:25","2025-06-24 13:02:25"
710,61,"Passeig a cavall",NULL,cultura,NULL,188.46,NULL,NULL,1,"2025-06-24 13:02:25","2025-06-24 13:02:25"
711,61,"Taller de ceràmica",NULL,cultura,100,32.98,39,NULL,0,"2025-06-24 13:02:25","2025-06-24 13:02:25"
712,61,"Taller de cuina catalana",NULL,gastronomia,88,NULL,NULL,NULL,0,"2025-06-24 13:02:25","2025-06-24 13:02:25"
713,61,"Taller de fotografia","Places limitades, reserva prèvia necessària.",esport,94,NULL,75,5,1,"2025-06-24 13:02:25","2025-06-24 13:02:25"
714,62,"Torneig de pàdel",NULL,esport,266,170.55,NULL,11,1,"2025-06-24 13:02:25","2025-06-24 13:02:25"
715,62,"Taller de ceràmica","Activitat relaxant i saludable.",cultura,NULL,NULL,10,10,1,"2025-06-24 13:02:25","2025-06-24 13:02:25"
716,62,"Gimcana cultural",NULL,esport,269,170.16,53,NULL,1,"2025-06-24 13:02:25","2025-06-24 13:02:25"
717,62,"Cinema a la fresca","Activitat relaxant i saludable.",gastronomia,272,58.51,89,NULL,1,"2025-06-24 13:02:25","2025-06-24 13:02:25"
718,62,"Taller de fotografia",NULL,relax,271,NULL,NULL,NULL,0,"2025-06-24 13:02:25","2025-06-24 13:02:25"
719,62,"Taller de pintura","Inclou degustació de productes locals.",relax,74,185.97,91,NULL,0,"2025-06-24 13:02:25","2025-06-24 13:02:25"
720,62,"Taller de dansa",NULL,esport,NULL,134.26,74,5,1,"2025-06-24 13:02:25","2025-06-24 13:02:25"
721,62,"Visita guiada al museu","Activitat relaxant i saludable.",relax,NULL,NULL,72,2,1,"2025-06-24 13:02:25","2025-06-24 13:02:25"
722,62,"Excursió a la muntanya","Places limitades, reserva prèvia necessària.",relax,NULL,NULL,NULL,16,0,"2025-06-24 13:02:25","2025-06-24 13:02:25"
723,63,"Cinema a la fresca","Per a principiants i experts.",aventura,NULL,173.21,66,3,1,"2025-06-24 13:02:25","2025-06-24 13:02:25"
724,63,"Passeig a cavall",NULL,aventura,266,33.79,NULL,NULL,1,"2025-06-24 13:02:25","2025-06-24 13:02:25"
725,63,"Escape room","Activitat per gaudir de la natura i l'entorn.",aventura,41,NULL,NULL,NULL,0,"2025-06-24 13:02:25","2025-06-24 13:02:25"
726,63,"Ioga a la platja",NULL,aventura,NULL,10.08,29,16,0,"2025-06-24 13:02:25","2025-06-24 13:02:25"
727,63,"Jocs de taula","Per a principiants i experts.",esport,103,13.85,63,NULL,0,"2025-06-24 13:02:25","2025-06-24 13:02:25"
728,63,"Observació d'estrelles","Activitat per gaudir de la natura i l'entorn.",gastronomia,185,67.28,89,10,1,"2025-06-24 13:02:25","2025-06-24 13:02:25"
729,63,"Visita a cellers",NULL,aventura,NULL,106.06,34,NULL,0,"2025-06-24 13:02:25","2025-06-24 13:02:25"
730,63,"Cata de vins",NULL,esport,NULL,59.93,NULL,5,0,"2025-06-24 13:02:25","2025-06-24 13:02:25"
731,63,"Sortida en bicicleta","Descobreix la cultura i la història de la zona.",gastronomia,NULL,55.83,NULL,0,1,"2025-06-24 13:02:25","2025-06-24 13:02:25"
732,63,"Ruta de senderisme",NULL,relax,175,50.25,15,NULL,1,"2025-06-24 13:02:25","2025-06-24 13:02:25"
733,63,"Taller de dansa",NULL,gastronomia,62,NULL,NULL,15,0,"2025-06-24 13:02:25","2025-06-24 13:02:25"
734,63,"Gimcana cultural",NULL,esport,NULL,NULL,NULL,12,1,"2025-06-24 13:02:25","2025-06-24 13:02:25"
735,63,"Taller de fotografia",NULL,esport,NULL,NULL,NULL,5,0,"2025-06-24 13:02:25","2025-06-24 13:02:25"
736,63,"Visita guiada al museu",NULL,gastronomia,NULL,NULL,87,NULL,0,"2025-06-24 13:02:25","2025-06-24 13:02:25"
737,63,"Taller de cuina catalana","Amb premi per als guanyadors.",relax,143,NULL,NULL,5,1,"2025-06-24 13:02:25","2025-06-24 13:02:25"
738,63,"Excursió a la muntanya","Activitat a l'aire lliure per a totes les edats.",gastronomia,146,22.49,86,NULL,0,"2025-06-24 13:02:25","2025-06-24 13:02:25"
739,63,"Taller de pintura","Inclou degustació de productes locals.",relax,236,NULL,45,16,1,"2025-06-24 13:02:25","2025-06-24 13:02:25"
740,63,"Taller de ceràmica",NULL,aventura,237,NULL,86,NULL,0,"2025-06-24 13:02:25","2025-06-24 13:02:25"
741,64,"Gimcana cultural",NULL,relax,72,NULL,NULL,NULL,0,"2025-06-24 13:02:25","2025-06-24 13:02:25"
742,64,"Excursió a la muntanya",NULL,esport,36,NULL,NULL,NULL,1,"2025-06-24 13:02:25","2025-06-24 13:02:25"
743,64,"Sortida en caiac","Amb premi per als guanyadors.",gastronomia,262,174.88,NULL,NULL,1,"2025-06-24 13:02:25","2025-06-24 13:02:25"
744,64,"Visita guiada al museu","Amb premi per als guanyadors.",relax,NULL,138.70,7,2,1,"2025-06-24 13:02:25","2025-06-24 13:02:25"
745,64,"Sortida en bicicleta",NULL,esport,185,NULL,90,1,0,"2025-06-24 13:02:25","2025-06-24 13:02:25"
746,64,"Taller de pintura",NULL,cultura,NULL,NULL,NULL,10,0,"2025-06-24 13:02:25","2025-06-24 13:02:25"
747,64,"Taller de ceràmica","Places limitades, reserva prèvia necessària.",gastronomia,NULL,NULL,72,NULL,1,"2025-06-24 13:02:25","2025-06-24 13:02:25"
748,64,"Escape room",NULL,relax,76,NULL,91,NULL,0,"2025-06-24 13:02:25","2025-06-24 13:02:25"
749,64,"Ioga a la platja",NULL,esport,NULL,12.92,NULL,NULL,1,"2025-06-24 13:02:25","2025-06-24 13:02:25"
750,65,"Ioga a la platja","Amb monitors especialitzats i material inclòs.",aventura,217,NULL,NULL,5,1,"2025-06-24 13:02:25","2025-06-24 13:02:25"
751,65,"Excursió a la muntanya","Activitat per gaudir de la natura i l'entorn.",cultura,NULL,141.66,41,NULL,0,"2025-06-24 13:02:25","2025-06-24 13:02:25"
752,65,"Sortida en caiac",NULL,aventura,NULL,NULL,91,NULL,0,"2025-06-24 13:02:25","2025-06-24 13:02:25"
753,65,"Gimcana cultural",NULL,aventura,NULL,NULL,57,NULL,1,"2025-06-24 13:02:25","2025-06-24 13:02:25"
754,65,"Escape room",NULL,aventura,166,NULL,NULL,NULL,1,"2025-06-24 13:02:25","2025-06-24 13:02:25"
755,65,"Taller de pintura","Activitat relaxant i saludable.",relax,NULL,NULL,NULL,7,0,"2025-06-24 13:02:25","2025-06-24 13:02:25"
756,65,"Ruta de senderisme","Per a principiants i experts.",cultura,79,NULL,92,NULL,0,"2025-06-24 13:02:25","2025-06-24 13:02:25"
757,65,"Cinema a la fresca","Places limitades, reserva prèvia necessària.",aventura,NULL,NULL,12,10,1,"2025-06-24 13:02:25","2025-06-24 13:02:25"
758,65,"Torneig de pàdel",NULL,cultura,224,127.92,54,6,1,"2025-06-24 13:02:25","2025-06-24 13:02:25"
759,65,"Taller de dansa","Activitat a l'aire lliure per a totes les edats.",aventura,NULL,48.19,NULL,2,1,"2025-06-24 13:02:25","2025-06-24 13:02:25"
760,65,"Jocs de taula",NULL,gastronomia,NULL,NULL,NULL,15,0,"2025-06-24 13:02:25","2025-06-24 13:02:25"
761,66,"Passeig a cavall",NULL,aventura,80,48.39,71,7,1,"2025-06-24 13:02:25","2025-06-24 13:02:25"
762,67,"Gimcana cultural",NULL,aventura,NULL,NULL,83,NULL,1,"2025-06-24 13:02:25","2025-06-24 13:02:25"
763,67,"Passeig a cavall",NULL,esport,201,NULL,NULL,15,0,"2025-06-24 13:02:25","2025-06-24 13:02:25"
764,67,"Cinema a la fresca","Ideal per a famílies i grups d'amics.",relax,NULL,155.69,NULL,17,1,"2025-06-24 13:02:25","2025-06-24 13:02:25"
765,67,"Cata de vins",NULL,relax,202,195.39,11,6,0,"2025-06-24 13:02:25","2025-06-24 13:02:25"
766,67,"Visita a cellers","Activitat a l'aire lliure per a totes les edats.",relax,NULL,NULL,31,7,1,"2025-06-24 13:02:25","2025-06-24 13:02:25"
767,67,"Excursió a la muntanya",NULL,cultura,192,33.56,36,NULL,0,"2025-06-24 13:02:25","2025-06-24 13:02:25"
768,67,"Taller de pintura",NULL,esport,64,NULL,NULL,NULL,1,"2025-06-24 13:02:25","2025-06-24 13:02:25"
769,67,"Taller de ceràmica",NULL,cultura,NULL,NULL,NULL,NULL,1,"2025-06-24 13:02:25","2025-06-24 13:02:25"
770,67,"Torneig de pàdel","Activitat relaxant i saludable.",esport,89,NULL,NULL,NULL,0,"2025-06-24 13:02:25","2025-06-24 13:02:25"
771,67,"Taller de cuina catalana","Descobreix la cultura i la història de la zona.",aventura,225,NULL,37,10,0,"2025-06-24 13:02:25","2025-06-24 13:02:25"
772,67,"Ruta de senderisme","Inclou degustació de productes locals.",cultura,NULL,180.06,21,8,1,"2025-06-24 13:02:25","2025-06-24 13:02:25"
773,67,"Taller de fotografia",NULL,cultura,83,NULL,9,NULL,1,"2025-06-24 13:02:25","2025-06-24 13:02:25"
774,67,"Taller de dansa","Amb premi per als guanyadors.",aventura,174,180.70,82,NULL,1,"2025-06-24 13:02:25","2025-06-24 13:02:25"
775,67,"Escape room",NULL,cultura,284,124.70,NULL,8,1,"2025-06-24 13:02:25","2025-06-24 13:02:25"
776,67,"Visita guiada al museu",NULL,cultura,35,NULL,NULL,1,0,"2025-06-24 13:02:25","2025-06-24 13:02:25"
777,67,"Jocs de taula",NULL,aventura,139,130.62,NULL,3,1,"2025-06-24 13:02:25","2025-06-24 13:02:25"
778,67,"Ioga a la platja","Places limitades, reserva prèvia necessària.",esport,175,NULL,81,NULL,1,"2025-06-24 13:02:25","2025-06-24 13:02:25"
779,67,"Observació d'estrelles","Ideal per a famílies i grups d'amics.",aventura,252,111.12,NULL,13,1,"2025-06-24 13:02:25","2025-06-24 13:02:25"
780,68,"Sortida en bicicleta",NULL,cultura,259,76.52,28,NULL,0,"2025-06-24 13:02:25","2025-06-24 13:02:25"
781,68,"Observació d'estrelles",NULL,cultura,NULL,110.28,NULL,NULL,1,"2025-06-24 13:02:25","2025-06-24 13:02:25"
782,68,"Sortida en caiac","Activitat per gaudir de la natura i l'entorn.",gastronomia,39,NULL,91,NULL,1,"2025-06-24 13:02:25","2025-06-24 13:02:25"
783,68,"Passeig a cavall",NULL,aventura,NULL,NULL,35,2,0,"2025-06-24 13:02:25","2025-06-24 13:02:25"
784,68,"Torneig de pàdel","Activitat relaxant i saludable.",aventura,150,145.87,NULL,NULL,1,"2025-06-24 13:02:25","2025-06-24 13:02:25"
785,68,"Jocs de taula","Amb premi per als guanyadors.",aventura,NULL,NULL,NULL,NULL,0,"2025-06-24 13:02:25","2025-06-24 13:02:25"
786,68,"Ruta de senderisme","Per a principiants i experts.",relax,NULL,NULL,42,NULL,1,"2025-06-24 13:02:25","2025-06-24 13:02:25"
787,68,"Taller de pintura",NULL,relax,NULL,NULL,NULL,13,0,"2025-06-24 13:02:25","2025-06-24 13:02:25"
788,68,"Escape room","Amb premi per als guanyadors.",aventura,NULL,7.29,26,12,1,"2025-06-24 13:02:25","2025-06-24 13:02:25"
789,68,"Gimcana cultural","Activitat a l'aire lliure per a totes les edats.",gastronomia,NULL,163.85,73,12,0,"2025-06-24 13:02:25","2025-06-24 13:02:25"
790,69,"Observació d'estrelles",NULL,gastronomia,NULL,NULL,NULL,10,1,"2025-06-24 13:02:25","2025-06-24 13:02:25"
791,69,"Excursió a la muntanya",NULL,aventura,127,NULL,8,15,0,"2025-06-24 13:02:25","2025-06-24 13:02:25"
792,69,"Sortida en caiac",NULL,esport,236,NULL,15,4,1,"2025-06-24 13:02:25","2025-06-24 13:02:25"
793,69,"Passeig a cavall","Inclou degustació de productes locals.",relax,NULL,NULL,NULL,8,1,"2025-06-24 13:02:25","2025-06-24 13:02:25"
794,69,"Taller de fotografia",NULL,relax,53,NULL,37,3,0,"2025-06-24 13:02:25","2025-06-24 13:02:25"
795,69,"Ioga a la platja",NULL,gastronomia,NULL,169.71,NULL,NULL,0,"2025-06-24 13:02:25","2025-06-24 13:02:25"
796,69,"Cinema a la fresca","Activitat per gaudir de la natura i l'entorn.",relax,200,1.62,NULL,NULL,1,"2025-06-24 13:02:25","2025-06-24 13:02:25"
797,70,"Gimcana cultural",NULL,gastronomia,192,149.63,NULL,NULL,0,"2025-06-24 13:02:25","2025-06-24 13:02:25"
798,70,"Passeig a cavall","Descobreix la cultura i la història de la zona.",gastronomia,115,NULL,6,10,0,"2025-06-24 13:02:25","2025-06-24 13:02:25"
799,70,"Observació d'estrelles",NULL,relax,215,NULL,64,9,0,"2025-06-24 13:02:25","2025-06-24 13:02:25"
800,70,"Taller de cuina catalana","Inclou degustació de productes locals.",relax,146,NULL,49,NULL,0,"2025-06-24 13:02:25","2025-06-24 13:02:25"
801,70,"Cinema a la fresca","Amb monitors especialitzats i material inclòs.",aventura,NULL,96.15,47,12,1,"2025-06-24 13:02:25","2025-06-24 13:02:25"
802,70,"Visita guiada al museu","Descobreix la cultura i la història de la zona.",cultura,NULL,NULL,11,NULL,0,"2025-06-24 13:02:25","2025-06-24 13:02:25"
803,71,"Visita a cellers","Descobreix la cultura i la història de la zona.",cultura,252,NULL,NULL,5,0,"2025-06-24 13:02:25","2025-06-24 13:02:25"
804,71,"Taller de fotografia","Ideal per a famílies i grups d'amics.",aventura,NULL,NULL,38,14,0,"2025-06-24 13:02:25","2025-06-24 13:02:25"
805,71,"Sortida en bicicleta","Amb premi per als guanyadors.",aventura,167,166.14,35,NULL,0,"2025-06-24 13:02:25","2025-06-24 13:02:25"
806,71,"Taller de dansa","Activitat a l'aire lliure per a totes les edats.",aventura,NULL,NULL,55,6,0,"2025-06-24 13:02:25","2025-06-24 13:02:25"
807,71,"Gimcana cultural",NULL,gastronomia,NULL,101.10,NULL,4,0,"2025-06-24 13:02:25","2025-06-24 13:02:25"
808,71,"Observació d'estrelles",NULL,gastronomia,106,NULL,NULL,NULL,1,"2025-06-24 13:02:25","2025-06-24 13:02:25"
809,72,"Taller de dansa",NULL,aventura,48,57.18,NULL,NULL,1,"2025-06-24 13:02:25","2025-06-24 13:02:25"
810,72,"Taller de ceràmica","Amb monitors especialitzats i material inclòs.",aventura,60,NULL,NULL,10,1,"2025-06-24 13:02:25","2025-06-24 13:02:25"
811,72,"Ruta de senderisme","Activitat a l'aire lliure per a totes les edats.",cultura,250,NULL,65,14,0,"2025-06-24 13:02:25","2025-06-24 13:02:25"
812,72,"Torneig de pàdel","Amb premi per als guanyadors.",esport,159,70.58,55,6,0,"2025-06-24 13:02:25","2025-06-24 13:02:25"
813,72,"Sortida en caiac","Amb monitors especialitzats i material inclòs.",aventura,103,5.92,NULL,6,1,"2025-06-24 13:02:25","2025-06-24 13:02:25"
814,72,"Taller de cuina catalana",NULL,relax,152,NULL,35,10,0,"2025-06-24 13:02:25","2025-06-24 13:02:25"
815,72,"Visita guiada al museu",NULL,cultura,NULL,20.90,NULL,11,1,"2025-06-24 13:02:25","2025-06-24 13:02:25"
816,72,"Taller de fotografia","Activitat relaxant i saludable.",aventura,NULL,101.29,31,NULL,0,"2025-06-24 13:02:25","2025-06-24 13:02:25"
817,73,"Taller de ceràmica","Places limitades, reserva prèvia necessària.",relax,279,NULL,NULL,NULL,0,"2025-06-24 13:02:25","2025-06-24 13:02:25"
818,73,"Ruta de senderisme","Activitat relaxant i saludable.",cultura,190,104.09,NULL,12,0,"2025-06-24 13:02:25","2025-06-24 13:02:25"
819,73,"Taller de dansa","Inclou degustació de productes locals.",cultura,NULL,NULL,NULL,14,1,"2025-06-24 13:02:25","2025-06-24 13:02:25"
820,73,"Cata de vins","Per a principiants i experts.",relax,63,NULL,NULL,NULL,1,"2025-06-24 13:02:25","2025-06-24 13:02:25"
821,73,"Jocs de taula","Inclou degustació de productes locals.",cultura,159,35.41,40,3,1,"2025-06-24 13:02:25","2025-06-24 13:02:25"
822,74,"Taller de ceràmica",NULL,gastronomia,97,42.01,NULL,4,1,"2025-06-24 13:02:25","2025-06-24 13:02:25"
823,74,"Passeig a cavall","Descobreix la cultura i la història de la zona.",esport,67,12.29,NULL,3,0,"2025-06-24 13:02:25","2025-06-24 13:02:25"
824,75,"Taller de pintura","Descobreix la cultura i la història de la zona.",cultura,NULL,NULL,NULL,NULL,1,"2025-06-24 13:02:25","2025-06-24 13:02:25"
825,75,"Cinema a la fresca",NULL,relax,288,143.65,NULL,5,1,"2025-06-24 13:02:25","2025-06-24 13:02:25"
826,75,"Ioga a la platja","Amb monitors especialitzats i material inclòs.",cultura,NULL,169.75,NULL,16,1,"2025-06-24 13:02:25","2025-06-24 13:02:25"
827,75,"Taller de cuina catalana",NULL,cultura,NULL,NULL,87,9,1,"2025-06-24 13:02:25","2025-06-24 13:02:25"
828,75,"Observació d'estrelles","Descobreix la cultura i la història de la zona.",gastronomia,77,195.50,11,NULL,0,"2025-06-24 13:02:25","2025-06-24 13:02:25"
829,75,"Visita a cellers",NULL,esport,116,NULL,59,NULL,0,"2025-06-24 13:02:25","2025-06-24 13:02:25"
830,75,"Taller de dansa",NULL,esport,43,NULL,NULL,5,1,"2025-06-24 13:02:25","2025-06-24 13:02:25"
831,75,"Ruta de senderisme","Activitat a l'aire lliure per a totes les edats.",esport,NULL,139.51,52,NULL,1,"2025-06-24 13:02:25","2025-06-24 13:02:25"
832,75,"Escape room","Activitat per gaudir de la natura i l'entorn.",gastronomia,169,197.64,59,NULL,0,"2025-06-24 13:02:25","2025-06-24 13:02:25"
833,75,"Excursió a la muntanya","Activitat a l'aire lliure per a totes les edats.",aventura,261,NULL,7,12,1,"2025-06-24 13:02:25","2025-06-24 13:02:25"
834,75,"Passeig a cavall","Activitat relaxant i saludable.",relax,NULL,NULL,NULL,5,0,"2025-06-24 13:02:25","2025-06-24 13:02:25"
835,75,"Sortida en bicicleta",NULL,cultura,NULL,26.42,NULL,NULL,0,"2025-06-24 13:02:25","2025-06-24 13:02:25"
836,76,"Jocs de taula",NULL,cultura,NULL,NULL,NULL,2,0,"2025-06-24 13:02:25","2025-06-24 13:02:25"
837,76,"Visita guiada al museu","Activitat relaxant i saludable.",relax,52,NULL,NULL,NULL,1,"2025-06-24 13:02:25","2025-06-24 13:02:25"
838,76,"Taller de cuina catalana","Activitat a l'aire lliure per a totes les edats.",esport,175,157.42,88,7,1,"2025-06-24 13:02:25","2025-06-24 13:02:25"
839,76,"Sortida en bicicleta",NULL,cultura,120,NULL,12,4,1,"2025-06-24 13:02:25","2025-06-24 13:02:25"
840,76,"Taller de dansa",NULL,cultura,96,NULL,NULL,NULL,0,"2025-06-24 13:02:25","2025-06-24 13:02:25"
841,76,"Torneig de pàdel",NULL,gastronomia,290,NULL,40,6,1,"2025-06-24 13:02:25","2025-06-24 13:02:25"
842,76,"Ioga a la platja",NULL,cultura,160,NULL,NULL,NULL,1,"2025-06-24 13:02:25","2025-06-24 13:02:25"
843,77,"Passeig a cavall","Places limitades, reserva prèvia necessària.",aventura,228,NULL,NULL,NULL,1,"2025-06-24 13:02:25","2025-06-24 13:02:25"
844,77,"Taller de pintura","Activitat relaxant i saludable.",relax,243,NULL,NULL,NULL,0,"2025-06-24 13:02:25","2025-06-24 13:02:25"
845,77,"Escape room","Per a principiants i experts.",gastronomia,NULL,NULL,NULL,NULL,1,"2025-06-24 13:02:25","2025-06-24 13:02:25"
846,77,"Taller de dansa","Activitat a l'aire lliure per a totes les edats.",esport,266,NULL,29,14,1,"2025-06-24 13:02:25","2025-06-24 13:02:25"
847,77,"Taller de ceràmica",NULL,gastronomia,NULL,75.39,77,NULL,0,"2025-06-24 13:02:25","2025-06-24 13:02:25"
848,77,"Sortida en bicicleta",NULL,aventura,143,NULL,80,1,1,"2025-06-24 13:02:25","2025-06-24 13:02:25"
849,77,"Taller de cuina catalana","Places limitades, reserva prèvia necessària.",cultura,NULL,NULL,6,13,0,"2025-06-24 13:02:25","2025-06-24 13:02:25"
850,77,"Visita guiada al museu",NULL,cultura,NULL,50.19,73,NULL,1,"2025-06-24 13:02:25","2025-06-24 13:02:25"
851,77,"Cinema a la fresca",NULL,esport,NULL,76.09,9,8,1,"2025-06-24 13:02:25","2025-06-24 13:02:25"
852,77,"Gimcana cultural","Descobreix la cultura i la història de la zona.",cultura,NULL,NULL,92,NULL,1,"2025-06-24 13:02:25","2025-06-24 13:02:25"
853,77,"Sortida en caiac","Amb monitors especialitzats i material inclòs.",gastronomia,45,181.89,NULL,12,1,"2025-06-24 13:02:25","2025-06-24 13:02:25"
854,77,"Visita a cellers","Amb premi per als guanyadors.",aventura,258,NULL,NULL,NULL,0,"2025-06-24 13:02:25","2025-06-24 13:02:25"
855,77,"Ioga a la platja",NULL,esport,206,114.26,25,7,1,"2025-06-24 13:02:25","2025-06-24 13:02:25"
856,77,"Taller de fotografia","Descobreix la cultura i la història de la zona.",cultura,NULL,125.36,60,NULL,1,"2025-06-24 13:02:25","2025-06-24 13:02:25"
857,77,"Excursió a la muntanya",NULL,gastronomia,174,153.79,NULL,10,1,"2025-06-24 13:02:25","2025-06-24 13:02:25"
858,78,"Visita a cellers","Inclou degustació de productes locals.",esport,NULL,NULL,NULL,NULL,0,"2025-06-24 13:02:25","2025-06-24 13:02:25"
859,79,"Jocs de taula",NULL,cultura,NULL,170.20,NULL,2,0,"2025-06-24 13:02:25","2025-06-24 13:02:25"
860,79,"Sortida en bicicleta","Per a principiants i experts.",relax,NULL,7.14,21,NULL,1,"2025-06-24 13:02:25","2025-06-24 13:02:25"
861,79,"Taller de fotografia",NULL,gastronomia,254,NULL,NULL,5,0,"2025-06-24 13:02:25","2025-06-24 13:02:25"
862,79,"Passeig a cavall","Inclou degustació de productes locals.",relax,80,NULL,36,NULL,1,"2025-06-24 13:02:25","2025-06-24 13:02:25"
863,79,"Taller de ceràmica",NULL,cultura,264,3.64,NULL,NULL,1,"2025-06-24 13:02:25","2025-06-24 13:02:25"
864,79,"Excursió a la muntanya",NULL,cultura,NULL,8.13,65,10,1,"2025-06-24 13:02:25","2025-06-24 13:02:25"
865,79,"Taller de pintura",NULL,aventura,NULL,40.02,47,NULL,0,"2025-06-24 13:02:25","2025-06-24 13:02:25"
866,79,"Visita guiada al museu",NULL,relax,79,NULL,NULL,NULL,1,"2025-06-24 13:02:25","2025-06-24 13:02:25"
867,79,"Escape room",NULL,esport,140,26.51,47,NULL,0,"2025-06-24 13:02:25","2025-06-24 13:02:25"
868,79,"Sortida en caiac","Inclou degustació de productes locals.",relax,NULL,NULL,NULL,6,1,"2025-06-24 13:02:25","2025-06-24 13:02:25"
869,79,"Taller de dansa",NULL,esport,170,NULL,NULL,12,0,"2025-06-24 13:02:25","2025-06-24 13:02:25"
870,79,"Torneig de pàdel",NULL,gastronomia,240,NULL,NULL,1,1,"2025-06-24 13:02:25","2025-06-24 13:02:25"
871,79,"Observació d'estrelles","Activitat a l'aire lliure per a totes les edats.",gastronomia,231,126.90,NULL,NULL,1,"2025-06-24 13:02:25","2025-06-24 13:02:25"
872,79,"Visita a cellers","Activitat per gaudir de la natura i l'entorn.",cultura,210,42.74,83,NULL,1,"2025-06-24 13:02:25","2025-06-24 13:02:25"
873,79,"Gimcana cultural","Descobreix la cultura i la història de la zona.",gastronomia,NULL,NULL,24,3,1,"2025-06-24 13:02:25","2025-06-24 13:02:25"
874,80,"Torneig de pàdel",NULL,relax,202,NULL,9,8,0,"2025-06-24 13:02:25","2025-06-24 13:02:25"
875,80,"Sortida en caiac",NULL,relax,140,128.35,NULL,15,1,"2025-06-24 13:02:25","2025-06-24 13:02:25"
876,80,"Observació d'estrelles","Activitat a l'aire lliure per a totes les edats.",esport,264,NULL,44,1,0,"2025-06-24 13:02:25","2025-06-24 13:02:25"
877,81,"Gimcana cultural",NULL,gastronomia,202,158.86,NULL,4,0,"2025-06-24 13:02:25","2025-06-24 13:02:25"
878,81,"Passeig a cavall",NULL,cultura,NULL,21.77,NULL,NULL,0,"2025-06-24 13:02:25","2025-06-24 13:02:25"
879,81,"Visita guiada al museu",NULL,esport,214,75.49,NULL,NULL,0,"2025-06-24 13:02:25","2025-06-24 13:02:25"
880,81,"Taller de ceràmica","Activitat a l'aire lliure per a totes les edats.",cultura,NULL,NULL,NULL,4,1,"2025-06-24 13:02:25","2025-06-24 13:02:25"
881,81,"Taller de fotografia",NULL,cultura,94,29.24,66,NULL,0,"2025-06-24 13:02:25","2025-06-24 13:02:25"
882,81,"Visita a cellers","Ideal per a famílies i grups d'amics.",gastronomia,NULL,47.82,91,2,0,"2025-06-24 13:02:25","2025-06-24 13:02:25"
883,81,"Taller de dansa",NULL,gastronomia,NULL,NULL,NULL,NULL,1,"2025-06-24 13:02:25","2025-06-24 13:02:25"
884,81,"Cata de vins",NULL,gastronomia,33,NULL,NULL,NULL,0,"2025-06-24 13:02:25","2025-06-24 13:02:25"
885,81,"Observació d'estrelles","Per a principiants i experts.",esport,245,158.24,NULL,NULL,0,"2025-06-24 13:02:25","2025-06-24 13:02:25"
886,81,"Excursió a la muntanya",NULL,cultura,NULL,89.15,61,NULL,0,"2025-06-24 13:02:25","2025-06-24 13:02:25"
887,81,"Ioga a la platja",NULL,aventura,NULL,117.56,25,0,1,"2025-06-24 13:02:25","2025-06-24 13:02:25"
888,81,"Taller de pintura","Per a principiants i experts.",relax,121,NULL,NULL,3,1,"2025-06-24 13:02:25","2025-06-24 13:02:25"
889,81,"Jocs de taula",NULL,cultura,160,115.88,66,NULL,1,"2025-06-24 13:02:25","2025-06-24 13:02:25"
890,81,"Cinema a la fresca","Inclou degustació de productes locals.",relax,254,NULL,NULL,NULL,1,"2025-06-24 13:02:25","2025-06-24 13:02:25"
891,81,"Escape room",NULL,gastronomia,NULL,NULL,NULL,NULL,0,"2025-06-24 13:02:25","2025-06-24 13:02:25"
892,81,"Taller de cuina catalana","Amb monitors especialitzats i material inclòs.",cultura,NULL,53.04,NULL,NULL,0,"2025-06-24 13:02:25","2025-06-24 13:02:25"
893,82,"Visita guiada al museu","Ideal per a famílies i grups d'amics.",gastronomia,132,7.00,NULL,NULL,0,"2025-06-24 13:02:25","2025-06-24 13:02:25"
894,82,"Taller de cuina catalana",NULL,gastronomia,NULL,17.89,NULL,12,1,"2025-06-24 13:02:25","2025-06-24 13:02:25"
895,82,"Observació d'estrelles",NULL,cultura,NULL,NULL,NULL,NULL,1,"2025-06-24 13:02:25","2025-06-24 13:02:25"
896,82,"Taller de dansa","Descobreix la cultura i la història de la zona.",cultura,NULL,NULL,92,10,1,"2025-06-24 13:02:25","2025-06-24 13:02:25"
897,82,"Sortida en caiac","Activitat relaxant i saludable.",cultura,NULL,93.61,31,15,0,"2025-06-24 13:02:25","2025-06-24 13:02:25"
898,82,"Cinema a la fresca","Amb premi per als guanyadors.",gastronomia,66,NULL,65,NULL,1,"2025-06-24 13:02:25","2025-06-24 13:02:25"
899,82,"Gimcana cultural",NULL,esport,133,58.05,NULL,5,0,"2025-06-24 13:02:25","2025-06-24 13:02:25"
900,82,"Taller de pintura","Per a principiants i experts.",gastronomia,NULL,121.76,NULL,NULL,0,"2025-06-24 13:02:25","2025-06-24 13:02:25"
901,82,"Sortida en bicicleta",NULL,relax,NULL,NULL,NULL,13,1,"2025-06-24 13:02:25","2025-06-24 13:02:25"
902,82,"Taller de fotografia",NULL,aventura,NULL,77.09,46,0,1,"2025-06-24 13:02:25","2025-06-24 13:02:25"
903,82,"Passeig a cavall",NULL,esport,NULL,NULL,NULL,NULL,0,"2025-06-24 13:02:25","2025-06-24 13:02:25"
904,83,"Visita guiada al museu",NULL,aventura,NULL,NULL,NULL,NULL,1,"2025-06-24 13:02:25","2025-06-24 13:02:25"
905,83,"Visita a cellers",NULL,gastronomia,92,196.56,NULL,10,1,"2025-06-24 13:02:25","2025-06-24 13:02:25"
906,83,"Taller de pintura","Places limitades, reserva prèvia necessària.",esport,117,NULL,NULL,10,1,"2025-06-24 13:02:25","2025-06-24 13:02:25"
907,83,"Cinema a la fresca",NULL,esport,NULL,NULL,NULL,8,1,"2025-06-24 13:02:25","2025-06-24 13:02:25"
908,83,"Taller de cuina catalana","Activitat a l'aire lliure per a totes les edats.",relax,98,152.35,43,NULL,0,"2025-06-24 13:02:25","2025-06-24 13:02:25"
909,83,"Escape room","Amb monitors especialitzats i material inclòs.",cultura,144,NULL,NULL,NULL,0,"2025-06-24 13:02:25","2025-06-24 13:02:25"
910,83,"Sortida en caiac",NULL,cultura,115,78.43,15,9,1,"2025-06-24 13:02:25","2025-06-24 13:02:25"
911,83,"Ruta de senderisme","Amb monitors especialitzats i material inclòs.",cultura,115,111.81,44,NULL,0,"2025-06-24 13:02:25","2025-06-24 13:02:25"
912,83,"Gimcana cultural","Activitat a l'aire lliure per a totes les edats.",esport,103,82.20,26,NULL,1,"2025-06-24 13:02:25","2025-06-24 13:02:25"
913,83,"Sortida en bicicleta",NULL,esport,NULL,NULL,35,NULL,0,"2025-06-24 13:02:25","2025-06-24 13:02:25"
914,83,"Observació d'estrelles","Activitat a l'aire lliure per a totes les edats.",gastronomia,34,NULL,62,4,1,"2025-06-24 13:02:25","2025-06-24 13:02:25"
915,83,"Cata de vins",NULL,cultura,236,166.73,25,NULL,1,"2025-06-24 13:02:25","2025-06-24 13:02:25"
916,84,"Sortida en caiac",NULL,aventura,162,NULL,89,14,0,"2025-06-24 13:02:25","2025-06-24 13:02:25"
917,85,"Visita guiada al museu","Per a principiants i experts.",cultura,NULL,24.13,74,16,1,"2025-06-24 13:02:25","2025-06-24 13:02:25"
918,85,"Cata de vins",NULL,gastronomia,NULL,NULL,NULL,15,0,"2025-06-24 13:02:25","2025-06-24 13:02:25"
919,86,"Cinema a la fresca","Amb monitors especialitzats i material inclòs.",aventura,NULL,78.89,76,16,0,"2025-06-24 13:02:25","2025-06-24 13:02:25"
920,86,"Ruta de senderisme","Inclou degustació de productes locals.",relax,92,NULL,NULL,11,1,"2025-06-24 13:02:25","2025-06-24 13:02:25"
921,86,"Gimcana cultural","Ideal per a famílies i grups d'amics.",cultura,NULL,70.36,80,NULL,1,"2025-06-24 13:02:25","2025-06-24 13:02:25"
922,86,"Visita guiada al museu","Inclou degustació de productes locals.",aventura,46,NULL,NULL,NULL,0,"2025-06-24 13:02:25","2025-06-24 13:02:25"
923,86,"Ioga a la platja","Activitat relaxant i saludable.",aventura,NULL,126.44,70,2,0,"2025-06-24 13:02:25","2025-06-24 13:02:25"
924,87,"Escape room",NULL,gastronomia,82,166.68,NULL,NULL,1,"2025-06-24 13:02:25","2025-06-24 13:02:25"
925,87,"Passeig a cavall",NULL,gastronomia,NULL,NULL,56,3,0,"2025-06-24 13:02:25","2025-06-24 13:02:25"
926,87,"Taller de dansa","Amb monitors especialitzats i material inclòs.",relax,NULL,NULL,NULL,14,1,"2025-06-24 13:02:25","2025-06-24 13:02:25"
927,88,"Taller de fotografia","Activitat a l'aire lliure per a totes les edats.",esport,289,69.75,NULL,NULL,1,"2025-06-24 13:02:25","2025-06-24 13:02:25"
928,88,"Cinema a la fresca","Per a principiants i experts.",gastronomia,224,NULL,NULL,NULL,1,"2025-06-24 13:02:25","2025-06-24 13:02:25"
929,88,"Sortida en bicicleta","Descobreix la cultura i la història de la zona.",esport,NULL,NULL,50,NULL,0,"2025-06-24 13:02:25","2025-06-24 13:02:25"
930,88,"Ruta de senderisme",NULL,relax,NULL,NULL,NULL,NULL,1,"2025-06-24 13:02:25","2025-06-24 13:02:25"
931,88,"Visita a cellers",NULL,esport,NULL,132.48,NULL,NULL,0,"2025-06-24 13:02:25","2025-06-24 13:02:25"
932,88,"Observació d'estrelles","Descobreix la cultura i la història de la zona.",relax,NULL,129.65,NULL,7,1,"2025-06-24 13:02:25","2025-06-24 13:02:25"
933,89,"Taller de pintura","Ideal per a famílies i grups d'amics.",aventura,NULL,193.64,89,7,0,"2025-06-24 13:02:25","2025-06-24 13:02:25"
934,89,"Ruta de senderisme","Places limitades, reserva prèvia necessària.",aventura,NULL,25.02,NULL,12,1,"2025-06-24 13:02:25","2025-06-24 13:02:25"
935,89,"Taller de fotografia","Amb monitors especialitzats i material inclòs.",aventura,58,NULL,NULL,15,1,"2025-06-24 13:02:25","2025-06-24 13:02:25"
936,89,"Excursió a la muntanya","Amb monitors especialitzats i material inclòs.",relax,39,162.44,90,NULL,0,"2025-06-24 13:02:25","2025-06-24 13:02:25"
937,89,"Escape room",NULL,aventura,NULL,23.27,NULL,NULL,1,"2025-06-24 13:02:25","2025-06-24 13:02:25"
938,89,"Taller de dansa","Descobreix la cultura i la història de la zona.",esport,NULL,125.44,NULL,NULL,0,"2025-06-24 13:02:25","2025-06-24 13:02:25"
939,89,"Ioga a la platja","Amb monitors especialitzats i material inclòs.",cultura,104,NULL,NULL,NULL,1,"2025-06-24 13:02:25","2025-06-24 13:02:25"
940,89,"Torneig de pàdel",NULL,relax,75,NULL,58,NULL,1,"2025-06-24 13:02:25","2025-06-24 13:02:25"
941,89,"Taller de ceràmica","Amb monitors especialitzats i material inclòs.",aventura,106,115.57,NULL,12,0,"2025-06-24 13:02:25","2025-06-24 13:02:25"
942,89,"Visita guiada al museu","Activitat relaxant i saludable.",aventura,179,194.06,NULL,NULL,0,"2025-06-24 13:02:25","2025-06-24 13:02:25"
943,89,"Cinema a la fresca","Descobreix la cultura i la història de la zona.",gastronomia,55,NULL,70,NULL,0,"2025-06-24 13:02:25","2025-06-24 13:02:25"
944,89,"Visita a cellers",NULL,esport,202,159.25,NULL,NULL,1,"2025-06-24 13:02:25","2025-06-24 13:02:25"
945,89,"Taller de cuina catalana",NULL,cultura,NULL,149.28,NULL,NULL,1,"2025-06-24 13:02:25","2025-06-24 13:02:25"
946,89,"Passeig a cavall","Activitat a l'aire lliure per a totes les edats.",cultura,NULL,NULL,9,NULL,0,"2025-06-24 13:02:25","2025-06-24 13:02:25"
947,89,"Jocs de taula",NULL,relax,NULL,NULL,56,NULL,1,"2025-06-24 13:02:25","2025-06-24 13:02:25"
948,89,"Gimcana cultural","Activitat a l'aire lliure per a totes les edats.",gastronomia,204,107.32,6,5,0,"2025-06-24 13:02:25","2025-06-24 13:02:25"
949,90,"Visita guiada al museu","Descobreix la cultura i la història de la zona.",aventura,NULL,NULL,52,3,1,"2025-06-24 13:02:25","2025-06-24 13:02:25"
950,90,"Excursió a la muntanya","Places limitades, reserva prèvia necessària.",aventura,NULL,NULL,53,NULL,1,"2025-06-24 13:02:25","2025-06-24 13:02:25"
951,90,"Torneig de pàdel",NULL,gastronomia,NULL,NULL,NULL,3,0,"2025-06-24 13:02:25","2025-06-24 13:02:25"
952,90,"Gimcana cultural",NULL,gastronomia,NULL,NULL,NULL,NULL,1,"2025-06-24 13:02:25","2025-06-24 13:02:25"
953,90,"Taller de pintura","Ideal per a famílies i grups d'amics.",relax,264,NULL,NULL,9,1,"2025-06-24 13:02:25","2025-06-24 13:02:25"
954,90,"Sortida en bicicleta","Places limitades, reserva prèvia necessària.",esport,246,NULL,76,NULL,1,"2025-06-24 13:02:25","2025-06-24 13:02:25"
955,90,"Taller de fotografia","Activitat per gaudir de la natura i l'entorn.",aventura,NULL,NULL,10,8,0,"2025-06-24 13:02:25","2025-06-24 13:02:25"
956,90,"Visita a cellers","Amb monitors especialitzats i material inclòs.",gastronomia,NULL,NULL,NULL,NULL,1,"2025-06-24 13:02:25","2025-06-24 13:02:25"
957,90,"Passeig a cavall",NULL,relax,170,125.86,48,12,0,"2025-06-24 13:02:25","2025-06-24 13:02:25"
958,90,"Escape room",NULL,esport,NULL,99.00,NULL,1,1,"2025-06-24 13:02:25","2025-06-24 13:02:25"
959,90,"Observació d'estrelles",NULL,relax,47,7.15,78,1,0,"2025-06-24 13:02:25","2025-06-24 13:02:25"
960,90,"Cinema a la fresca","Amb premi per als guanyadors.",aventura,147,91.46,53,NULL,0,"2025-06-24 13:02:25","2025-06-24 13:02:25"
961,91,"Sortida en caiac","Descobreix la cultura i la història de la zona.",aventura,77,108.56,67,16,1,"2025-06-24 13:02:25","2025-06-24 13:02:25"
962,92,"Ruta de senderisme","Inclou degustació de productes locals.",relax,217,128.18,56,NULL,1,"2025-06-24 13:02:25","2025-06-24 13:02:25"
963,92,"Visita guiada al museu","Inclou degustació de productes locals.",gastronomia,208,33.53,87,NULL,1,"2025-06-24 13:02:25","2025-06-24 13:02:25"
964,92,"Taller de cuina catalana",NULL,aventura,NULL,25.99,87,7,1,"2025-06-24 13:02:25","2025-06-24 13:02:25"
965,92,"Gimcana cultural","Places limitades, reserva prèvia necessària.",cultura,NULL,NULL,NULL,NULL,0,"2025-06-24 13:02:25","2025-06-24 13:02:25"
966,92,"Excursió a la muntanya",NULL,esport,NULL,NULL,NULL,NULL,0,"2025-06-24 13:02:25","2025-06-24 13:02:25"
967,92,"Taller de ceràmica","Activitat per gaudir de la natura i l'entorn.",gastronomia,NULL,NULL,59,16,1,"2025-06-24 13:02:25","2025-06-24 13:02:25"
968,92,"Jocs de taula",NULL,cultura,NULL,NULL,23,2,0,"2025-06-24 13:02:25","2025-06-24 13:02:25"
969,93,"Taller de ceràmica",NULL,cultura,67,181.47,27,NULL,1,"2025-06-24 13:02:25","2025-06-24 13:02:25"
970,93,"Cata de vins",NULL,relax,185,NULL,17,15,0,"2025-06-24 13:02:26","2025-06-24 13:02:26"
971,93,"Escape room","Inclou degustació de productes locals.",relax,NULL,NULL,NULL,6,1,"2025-06-24 13:02:26","2025-06-24 13:02:26"
972,93,"Observació d'estrelles","Activitat relaxant i saludable.",gastronomia,NULL,95.42,NULL,NULL,1,"2025-06-24 13:02:26","2025-06-24 13:02:26"
973,93,"Torneig de pàdel","Amb monitors especialitzats i material inclòs.",aventura,141,NULL,84,3,1,"2025-06-24 13:02:26","2025-06-24 13:02:26"
974,93,"Visita guiada al museu",NULL,gastronomia,NULL,164.36,43,NULL,1,"2025-06-24 13:02:26","2025-06-24 13:02:26"
975,93,"Ruta de senderisme",NULL,relax,NULL,167.95,NULL,12,1,"2025-06-24 13:02:26","2025-06-24 13:02:26"
976,93,"Taller de pintura",NULL,cultura,NULL,105.55,39,16,0,"2025-06-24 13:02:26","2025-06-24 13:02:26"
977,93,"Sortida en bicicleta","Inclou degustació de productes locals.",aventura,266,33.48,29,NULL,0,"2025-06-24 13:02:26","2025-06-24 13:02:26"
978,93,"Cinema a la fresca",NULL,aventura,NULL,NULL,11,NULL,1,"2025-06-24 13:02:26","2025-06-24 13:02:26"
979,93,"Taller de dansa",NULL,gastronomia,136,NULL,NULL,NULL,0,"2025-06-24 13:02:26","2025-06-24 13:02:26"
980,93,"Sortida en caiac","Activitat a l'aire lliure per a totes les edats.",gastronomia,NULL,115.25,81,12,1,"2025-06-24 13:02:26","2025-06-24 13:02:26"
981,93,"Visita a cellers","Places limitades, reserva prèvia necessària.",gastronomia,149,89.13,24,4,1,"2025-06-24 13:02:26","2025-06-24 13:02:26"
982,93,"Passeig a cavall",NULL,cultura,208,171.40,56,NULL,0,"2025-06-24 13:02:26","2025-06-24 13:02:26"
983,93,"Jocs de taula","Inclou degustació de productes locals.",relax,NULL,NULL,NULL,4,0,"2025-06-24 13:02:26","2025-06-24 13:02:26"
984,94,"Passeig a cavall","Amb monitors especialitzats i material inclòs.",relax,NULL,147.97,55,NULL,0,"2025-06-24 13:02:26","2025-06-24 13:02:26"
985,94,"Escape room","Descobreix la cultura i la història de la zona.",esport,49,NULL,26,10,1,"2025-06-24 13:02:26","2025-06-24 13:02:26"
986,94,"Sortida en bicicleta","Activitat a l'aire lliure per a totes les edats.",relax,NULL,NULL,51,NULL,0,"2025-06-24 13:02:26","2025-06-24 13:02:26"
987,94,"Cinema a la fresca","Ideal per a famílies i grups d'amics.",aventura,98,NULL,NULL,NULL,0,"2025-06-24 13:02:26","2025-06-24 13:02:26"
988,94,"Taller de pintura",NULL,esport,242,NULL,22,2,0,"2025-06-24 13:02:26","2025-06-24 13:02:26"
989,94,"Gimcana cultural","Activitat per gaudir de la natura i l'entorn.",aventura,126,24.57,22,14,1,"2025-06-24 13:02:26","2025-06-24 13:02:26"
990,94,"Visita a cellers",NULL,cultura,NULL,108.85,6,NULL,0,"2025-06-24 13:02:26","2025-06-24 13:02:26"
991,94,"Excursió a la muntanya","Activitat a l'aire lliure per a totes les edats.",gastronomia,269,NULL,58,5,1,"2025-06-24 13:02:26","2025-06-24 13:02:26"
992,94,"Visita guiada al museu","Descobreix la cultura i la història de la zona.",aventura,86,NULL,46,NULL,0,"2025-06-24 13:02:26","2025-06-24 13:02:26"
993,94,"Ruta de senderisme","Activitat per gaudir de la natura i l'entorn.",gastronomia,NULL,NULL,80,NULL,0,"2025-06-24 13:02:26","2025-06-24 13:02:26"
994,94,"Cata de vins","Ideal per a famílies i grups d'amics.",aventura,NULL,NULL,17,17,0,"2025-06-24 13:02:26","2025-06-24 13:02:26"
995,95,"Ioga a la platja",NULL,gastronomia,216,11.75,29,0,1,"2025-06-24 13:02:26","2025-06-24 13:02:26"
996,95,"Taller de dansa",NULL,relax,122,NULL,NULL,NULL,1,"2025-06-24 13:02:26","2025-06-24 13:02:26"
997,95,"Excursió a la muntanya",NULL,esport,NULL,106.38,34,2,1,"2025-06-24 13:02:26","2025-06-24 13:02:26"
998,96,"Sortida en caiac","Inclou degustació de productes locals.",esport,215,119.80,7,NULL,0,"2025-06-24 13:02:26","2025-06-24 13:02:26"
999,96,"Escape room",NULL,cultura,219,NULL,NULL,NULL,1,"2025-06-24 13:02:26","2025-06-24 13:02:26"
1000,96,"Taller de pintura","Descobreix la cultura i la història de la zona.",relax,188,27.93,NULL,4,1,"2025-06-24 13:02:26","2025-06-24 13:02:26"
